"9740";"08873";"26";"ROAD_CLOSED";"incidentsubtype";"null";"40.47037164529716";"-74.49503079068336";"Friday";"2015-12-04";"11:00:00"
"9741";"08873";"5";"ROAD_CLOSED";"incidentsubtype";"null";"40.47779446765803";"-74.50828964183249";"Friday";"2015-12-04";"11:00:00"
"9742";"08873";"3";"ROAD_CLOSED";"incidentsubtype";"null";"40.480167";"-74.512503";"Friday";"2015-12-04";"11:00:00"
"9743";"08873";"11";"ROAD_CLOSED";"incidentsubtype";"null";"40.48068205288";"-74.513427078721";"Friday";"2015-12-04";"11:00:00"
"9744";"08873";"10";"ROAD_CLOSED";"incidentsubtype";"null";"40.47779446765803";"-74.50828964183249";"Friday";"2015-12-04";"11:00:00"
"9745";"08873";"8";"ROAD_CLOSED";"incidentsubtype";"null";"40.480167";"-74.512503";"Friday";"2015-12-04";"11:00:00"
"9746";"08812";"34";"ROAD_CLOSED";"incidentsubtype";"null";"40.602228000000025";"-74.46591900000001";"Friday";"2015-12-04";"11:00:00"
"9747";"08812";"43";"ROAD_CLOSED";"incidentsubtype";"null";"40.59924499999998";"-74.463351";"Friday";"2015-12-04";"11:00:00"
"9748";"08840";"1";"HAZARD";"incidentsubtype";"null";"40.536616";"-74.375294";"Friday";"2015-12-04";"11:00:00"
"9749";"08878";"2";"ROAD_CLOSED";"incidentsubtype";"null";"40.43545809451698";"-74.25112918411104";"Friday";"2015-12-04";"11:00:00"
"9750";"08878";"1";"ROAD_CLOSED";"incidentsubtype";"null";"40.433409830082";"-74.251327464962";"Friday";"2015-12-04";"11:00:00"
"9751";"08878";"1";"ROAD_CLOSED";"incidentsubtype";"null";"40.432889141763226";"-74.2512049585956";"Friday";"2015-12-04";"11:00:00"
"9752";"08878";"509";"ROAD_CLOSED";"incidentsubtype";"null";"40.43718908727";"-74.250961611821";"Friday";"2015-12-04";"11:00:00"
"9753";"08878";"1";"ROAD_CLOSED";"incidentsubtype";"null";"40.43301719117612";"-74.25124663871601";"Friday";"2015-12-04";"11:00:00"
"9755";"08832";"0";"HAZARD";"incidentsubtype";"null";"40.5172";"-74.300882";"Friday";"2015-12-04";"11:00:00"
"9756";"08837";"0";"HAZARD";"incidentsubtype";"null";"40.513094";"-74.345376";"Friday";"2015-12-04";"11:00:00"
"9757";"08878";"0";"ROAD_CLOSED";"incidentsubtype";"null";"40.433017";"-74.251247";"Friday";"2015-12-04";"11:00:00"
"9758";"08878";"0";"HAZARD";"incidentsubtype";"null";"40.431786";"-74.250818";"Friday";"2015-12-04";"11:00:00"
"9760";"08832";"1";"HAZARD";"incidentsubtype";"null";"40.522393";"-74.299112";"Friday";"2015-12-04";"11:00:00"
"9761";"07095";"0";"HAZARD";"incidentsubtype";"Fords";"40.536332611017436";"-74.29653111237596";"Friday";"2015-12-04";"11:00:00"
"9762";"08832";"2";"HAZARD";"incidentsubtype";"null";"40.52089";"-74.306463";"Friday";"2015-12-04";"11:00:00"
"9763";"10309";"0";"HAZARD";"incidentsubtype";"null";"40.536293";"-74.224648";"Friday";"2015-12-04";"11:00:00"
"9765";"07095";"0";"HAZARD";"incidentsubtype";"null";"40.537085";"-74.296625";"Friday";"2015-12-04";"11:00:00"
"9766";"07076";"3";"ROAD_CLOSED";"incidentsubtype";"null";"40.6168153714299";"-74.36623450112748";"Friday";"2015-12-04";"11:00:00"
"9767";"07076";"2";"ROAD_CLOSED";"incidentsubtype";"null";"40.617335573049";"-74.365759730338";"Friday";"2015-12-04";"11:00:00"
"9768";"07960";"4";"HAZARD";"incidentsubtype";"Harding";"40.76327002441709";"-74.50730885865363";"Friday";"2015-12-04";"11:00:00"
"9769";"07901";"32";"ROAD_CLOSED";"incidentsubtype";"null";"40.717854256918";"-74.364725232125";"Friday";"2015-12-04";"11:00:00"
"9770";"07901";"48";"ROAD_CLOSED";"incidentsubtype";"null";"40.716823045384";"-74.363981589676";"Friday";"2015-12-04";"11:00:00"
"9771";"07901";"1";"ROAD_CLOSED";"incidentsubtype";"null";"40.717854256918";"-74.364725232125";"Friday";"2015-12-04";"11:00:00"
"9772";"07901";"19";"ROAD_CLOSED";"incidentsubtype";"null";"40.71871214768899";"-74.365559399128";"Friday";"2015-12-04";"11:00:00"
"9773";"07901";"1";"ROAD_CLOSED";"incidentsubtype";"null";"40.71871214768899";"-74.365559399128";"Friday";"2015-12-04";"11:00:00"
"9774";"07901";"25";"ROAD_CLOSED";"incidentsubtype";"null";"40.718864615271";"-74.365682780743";"Friday";"2015-12-04";"11:00:00"
"9775";"07202";"33";"ROAD_CLOSED";"incidentsubtype";"null";"40.64420500652098";"-74.209101695423";"Friday";"2015-12-04";"11:00:00"
"9776";"07202";"21";"ROAD_CLOSED";"incidentsubtype";"null";"40.644052876863995";"-74.209611315136";"Friday";"2015-12-04";"11:00:00"
"9777";"07202";"0";"JAM";"incidentsubtype";"null";"40.662719";"-74.228902";"Friday";"2015-12-04";"11:00:00"
"9778";"07036";"0";"JAM";"incidentsubtype";"null";"40.638464";"-74.239699";"Friday";"2015-12-04";"11:00:00"
"9779";"07081";"0";"HAZARD";"incidentsubtype";"null";"40.691348";"-74.330078";"Friday";"2015-12-04";"11:00:00"
"9780";"07202";"0";"JAM";"incidentsubtype";"null";"40.663643";"-74.215721";"Friday";"2015-12-04";"11:00:00"
"9782";"07202";"0";"ROAD_CLOSED";"incidentsubtype";"null";"40.65401";"-74.204373";"Friday";"2015-12-04";"11:00:00"
"9783";"07206";"0";"ROAD_CLOSED";"incidentsubtype";"null";"40.653364";"-74.203983";"Friday";"2015-12-04";"11:00:00"
"9784";"07206";"0";"ROAD_CLOSED";"incidentsubtype";"null";"40.653385";"-74.201634";"Friday";"2015-12-04";"11:00:00"
"9785";"07206";"0";"ROAD_CLOSED";"incidentsubtype";"null";"40.654023";"-74.202024";"Friday";"2015-12-04";"11:00:00"
"9786";"07202";"0";"HAZARD";"incidentsubtype";"null";"40.64116";"-74.205422";"Friday";"2015-12-04";"11:00:00"
"9788";"07036";"0";"HAZARD";"incidentsubtype";"null";"40.6395";"-74.231829";"Friday";"2015-12-04";"11:00:00"
"9789";"07107";"13";"HAZARD";"incidentsubtype";"East Orange";"40.75233828405883";"-74.1912175595356";"Friday";"2015-12-04";"11:00:00"
"9790";"07114";"3";"HAZARD";"incidentsubtype";"null";"40.709174";"-74.183686";"Friday";"2015-12-04";"11:00:00"
"9791";"07114";"1";"HAZARD";"incidentsubtype";"null";"40.70226";"-74.183601";"Friday";"2015-12-04";"11:00:00"
"9795";"07103";"0";"HAZARD";"incidentsubtype";"null";"40.745152";"-74.185934";"Friday";"2015-12-04";"11:00:00"
"9796";"07106";"0";"HAZARD";"incidentsubtype";"null";"40.744544";"-74.211513";"Friday";"2015-12-04";"11:00:00"
"9798";"07052";"0";"HAZARD";"incidentsubtype";"null";"40.791643";"-74.271987";"Friday";"2015-12-04";"11:00:00"
"9799";"07003";"0";"HAZARD";"incidentsubtype";"null";"40.787013";"-74.198549";"Friday";"2015-12-04";"11:00:00"
"9801";"07960";"0";"ACCIDENT";"incidentsubtype";"null";"40.797714";"-74.469515";"Friday";"2015-12-04";"11:00:00"
"9803";"07920";"0";"HAZARD";"incidentsubtype";"null";"40.720497";"-74.539878";"Friday";"2015-12-04";"11:00:00"
"9804";"07747";"0";"HAZARD";"incidentsubtype";"null";"40.425765";"-74.260271";"Friday";"2015-12-04";"11:00:00"
"9805";"08878";"0";"HAZARD";"incidentsubtype";"null";"40.429334";"-74.24994";"Friday";"2015-12-04";"11:00:00"
"9806";"07080";"1";"ACCIDENT";"incidentsubtype";"null";"40.55429";"-74.414268";"Friday";"2015-12-04";"11:00:00"
"9808";"08863";"0";"HAZARD";"incidentsubtype";"null";"40.513423";"-74.329604";"Friday";"2015-12-04";"11:00:00"
"9810";"07052";"1";"HAZARD";"incidentsubtype";"null";"40.762387";"-74.303074";"Friday";"2015-12-04";"11:00:00"
"9811";"07107";"0";"HAZARD";"incidentsubtype";"null";"40.75133730159954";"-74.18579982175393";"Friday";"2015-12-04";"11:00:00"
"9814";"07216";"0";"JAM";"incidentsubtype";"null";"40.665147";"-74.21712";"Friday";"2015-12-04";"11:00:00"
"9816";"07066";"0";"JAM";"incidentsubtype";"null";"40.61835";"-74.322819";"Friday";"2015-12-04";"11:00:00"
"9818";"08902";"0";"HAZARD";"incidentsubtype";"null";"40.42772490909079";"-74.49403000739169";"Friday";"2015-12-04";"11:00:00"
"9819";"08902";"0";"HAZARD";"incidentsubtype";"null";"40.42767489488834";"-74.49391183290811";"Friday";"2015-12-04";"11:00:00"
"9820";"08817";"1";"HAZARD";"incidentsubtype";"null";"40.507885";"-74.372182";"Friday";"2015-12-04";"11:00:00"
"9823";"08879";"0";"JAM";"incidentsubtype";"null";"40.48973";"-74.298163";"Friday";"2015-12-04";"11:00:00"
"9824";"08879";"0";"JAM";"incidentsubtype";"null";"40.488329";"-74.297981";"Friday";"2015-12-04";"11:00:00"
"9825";"08837";"0";"JAM";"incidentsubtype";"null";"40.521257";"-74.363835";"Friday";"2015-12-04";"11:00:00"
"9828";"08902";"0";"ACCIDENT";"incidentsubtype";"Deans";"40.43172";"-74.515856";"Friday";"2015-12-04";"11:00:00"
"9829";"08863";"3";"HAZARD";"incidentsubtype";"null";"40.550446";"-74.321052";"Friday";"2015-12-04";"11:00:00"
"9831";"07078";"0";"HAZARD";"incidentsubtype";"null";"40.741721";"-74.364827";"Friday";"2015-12-04";"11:00:00"
"9833";"07081";"0";"HAZARD";"incidentsubtype";"null";"40.709667";"-74.306193";"Friday";"2015-12-04";"11:00:00"
"9834";"07114";"0";"ACCIDENT";"incidentsubtype";"Elizabeth";"40.687341";"-74.192891";"Friday";"2015-12-04";"11:00:00"
"9835";"07960";"13";"HAZARD";"incidentsubtype";"null";"40.79321789219809";"-74.48514973363676";"Friday";"2015-12-04";"11:00:00"
"9837";"07960";"0";"ACCIDENT";"incidentsubtype";"null";"40.798099";"-74.468754";"Friday";"2015-12-04";"11:00:00"
"9838";"07052";"0";"JAM";"incidentsubtype";"null";"40.791311";"-74.272863";"Friday";"2015-12-04";"11:00:00"
"9841";"08873";"5";"HAZARD";"incidentsubtype";"null";"40.552188";"-74.542973";"Friday";"2015-12-04";"11:00:00"
"9842";"07920";"5";"HAZARD";"incidentsubtype";"null";"40.725743";"-74.542379";"Friday";"2015-12-04";"11:00:00"
"9843";"07960";"0";"HAZARD";"incidentsubtype";"null";"40.732732";"-74.537019";"Friday";"2015-12-04";"11:00:00"
"9844";"07733";"1";"HAZARD";"incidentsubtype";"null";"40.400244";"-74.187544";"Friday";"2015-12-04";"11:00:00"
"9846";"07747";"1";"HAZARD";"incidentsubtype";"null";"40.425165";"-74.221497";"Friday";"2015-12-04";"11:00:00"
"9847";"07747";"0";"HAZARD";"incidentsubtype";"null";"40.423024";"-74.217463";"Friday";"2015-12-04";"11:00:00"
"9848";"08817";"0";"HAZARD";"incidentsubtype";"null";"40.496363";"-74.387395";"Friday";"2015-12-04";"11:00:00"
"9850";"08840";"7";"HAZARD";"incidentsubtype";"null";"40.527812";"-74.360412";"Friday";"2015-12-04";"11:00:00"
"9851";"08854";"1";"HAZARD";"incidentsubtype";"null";"40.540269";"-74.509428";"Friday";"2015-12-04";"11:00:00"
"9852";"08854";"1";"HAZARD";"incidentsubtype";"null";"40.555705";"-74.451236";"Friday";"2015-12-04";"11:00:00"
"9854";"08840";"0";"HAZARD";"incidentsubtype";"null";"40.529686";"-74.369576";"Friday";"2015-12-04";"11:00:00"
"9855";"07080";"9";"HAZARD";"incidentsubtype";"null";"40.553001";"-74.413621";"Friday";"2015-12-04";"11:00:00"
"9856";"08832";"0";"HAZARD";"incidentsubtype";"null";"40.516144";"-74.300054";"Friday";"2015-12-04";"11:00:00"
"9857";"08878";"1";"HAZARD";"incidentsubtype";"null";"40.432108";"-74.248361";"Friday";"2015-12-04";"11:00:00"
"9858";"08837";"0";"HAZARD";"incidentsubtype";"null";"40.52832954455393";"-74.33690331606796";"Friday";"2015-12-04";"11:00:00"
"9859";"08837";"0";"HAZARD";"incidentsubtype";"null";"40.52955";"-74.342547";"Friday";"2015-12-04";"11:00:00"
"9860";"08837";"0";"HAZARD";"incidentsubtype";"null";"40.529224";"-74.350154";"Friday";"2015-12-04";"11:00:00"
"9861";"07064";"14";"HAZARD";"incidentsubtype";"null";"40.567914";"-74.255099";"Friday";"2015-12-04";"11:00:00"
"9862";"08832";"7";"HAZARD";"incidentsubtype";"null";"40.52217093380628";"-74.29997980591858";"Friday";"2015-12-04";"11:00:00"
"9863";"10314";"3";"HAZARD";"incidentsubtype";"null";"40.593187";"-74.192709";"Friday";"2015-12-04";"11:00:00"
"9864";"08830";"1";"HAZARD";"incidentsubtype";"null";"40.584092";"-74.329583";"Friday";"2015-12-04";"11:00:00"
"9866";"08863";"0";"HAZARD";"incidentsubtype";"null";"40.541366";"-74.303525";"Friday";"2015-12-04";"11:00:00"
"9867";"08837";"6";"HAZARD";"incidentsubtype";"null";"40.521445";"-74.352641";"Friday";"2015-12-04";"11:00:00"
"9868";"08863";"3";"HAZARD";"incidentsubtype";"null";"40.537236";"-74.322015";"Friday";"2015-12-04";"11:00:00"
"9869";"08830";"8";"HAZARD";"incidentsubtype";"null";"40.55982";"-74.32135";"Friday";"2015-12-04";"11:00:00"
"9870";"08832";"0";"JAM";"incidentsubtype";"null";"40.525222";"-74.318291";"Friday";"2015-12-04";"11:00:00"
"9871";"08861";"0";"HAZARD";"incidentsubtype";"null";"40.528962";"-74.277588";"Friday";"2015-12-04";"11:00:00"
"9872";"10312";"1";"HAZARD";"incidentsubtype";"null";"40.555373";"-74.211416";"Friday";"2015-12-04";"11:00:00"
"9874";"08837";"1";"HAZARD";"incidentsubtype";"null";"40.525878";"-74.321378";"Friday";"2015-12-04";"11:00:00"
"9875";"07059";"13";"HAZARD";"incidentsubtype";"null";"40.651255";"-74.457531";"Friday";"2015-12-04";"11:00:00"
"9876";"07059";"0";"HAZARD";"incidentsubtype";"null";"40.651751";"-74.453509";"Friday";"2015-12-04";"11:00:00"
"9877";"07059";"1";"HAZARD";"incidentsubtype";"null";"40.652526";"-74.450643";"Friday";"2015-12-04";"11:00:00"
"9878";"07960";"2";"HAZARD";"incidentsubtype";"null";"40.76282899716289";"-74.50715272457816";"Friday";"2015-12-04";"11:00:00"
"9880";"07960";"1";"HAZARD";"incidentsubtype";"null";"40.77766";"-74.475408";"Friday";"2015-12-04";"11:00:00"
"9884";"07202";"121";"HAZARD";"incidentsubtype";"null";"40.639758336712426";"-74.2035240000564";"Friday";"2015-12-04";"11:00:00"
"9887";"07083";"2";"HAZARD";"incidentsubtype";"null";"40.689607";"-74.27081";"Friday";"2015-12-04";"11:00:00"
"9888";"07114";"0";"JAM";"incidentsubtype";"null";"40.690902";"-74.191287";"Friday";"2015-12-04";"11:00:00"
"9889";"07083";"0";"HAZARD";"incidentsubtype";"null";"40.68533";"-74.275179";"Friday";"2015-12-04";"11:00:00"
"9890";"07114";"3";"HAZARD";"incidentsubtype";"null";"40.689164";"-74.192243";"Friday";"2015-12-04";"11:00:00"
"9893";"07206";"0";"HAZARD";"incidentsubtype";"null";"40.660054";"-74.185759";"Friday";"2015-12-04";"11:00:00"
"9894";"07016";"0";"HAZARD";"incidentsubtype";"null";"40.656195";"-74.287359";"Friday";"2015-12-04";"11:00:00"
"9895";"07081";"0";"HAZARD";"incidentsubtype";"null";"40.71082697394292";"-74.3275212315077";"Friday";"2015-12-04";"11:00:00"
"9896";"07114";"10";"HAZARD";"incidentsubtype";"null";"40.711038";"-74.197051";"Friday";"2015-12-04";"11:00:00"
"9897";"07107";"0";"HAZARD";"incidentsubtype";"null";"40.75236291582712";"-74.19132077839623";"Friday";"2015-12-04";"11:00:00"
"9898";"07018";"1";"HAZARD";"incidentsubtype";"null";"40.75783870904606";"-74.20493067894614";"Friday";"2015-12-04";"11:00:00"
"9899";"07107";"3";"HAZARD";"incidentsubtype";"null";"40.753308";"-74.19541";"Friday";"2015-12-04";"11:00:00"
"9900";"07050";"3";"HAZARD";"incidentsubtype";"null";"40.770775";"-74.234848";"Friday";"2015-12-04";"11:00:00"
"9901";"07050";"0";"JAM";"incidentsubtype";"null";"40.76975";"-74.23003";"Friday";"2015-12-04";"11:00:00"
"9902";"07901";"0";"HAZARD";"incidentsubtype";"Short Hills";"40.718371";"-74.33231";"Friday";"2015-12-04";"11:00:00"
"9904";"null";"2";"HAZARD";"incidentsubtype";"Governors Island";"40.628817";"-74.01693399999999";"Friday";"2015-12-04";"11:00:00"
"9905";"11220";"1";"ROAD_CLOSED";"incidentsubtype";"null";"40.637781";"-74.01793099999999";"Friday";"2015-12-04";"11:00:00"
"9906";"11220";"0";"ROAD_CLOSED";"incidentsubtype";"null";"40.637217";"-74.01852099999999";"Friday";"2015-12-04";"11:00:00"
"9907";"11220";"2";"ROAD_CLOSED";"incidentsubtype";"null";"40.637217";"-74.018521";"Friday";"2015-12-04";"11:00:00"
"9908";"11220";"1";"ROAD_CLOSED";"incidentsubtype";"null";"40.6367423536296";"-74.01901080851968";"Friday";"2015-12-04";"11:00:00"
"9909";"11232";"0";"HAZARD";"incidentsubtype";"null";"40.65806112629219";"-74.00762824277705";"Friday";"2015-12-04";"11:00:00"
"9912";"07002";"0";"JAM";"incidentsubtype";"null";"40.679388";"-74.102315";"Friday";"2015-12-04";"11:00:00"
"9913";"07002";"0";"HAZARD";"incidentsubtype";"null";"40.679813";"-74.103193";"Friday";"2015-12-04";"11:00:00"
"9915";"07105";"0";"HAZARD";"incidentsubtype";"null";"40.727523";"-74.159914";"Friday";"2015-12-04";"11:00:00"
"9916";"07105";"0";"HAZARD";"incidentsubtype";"null";"40.730401";"-74.129496";"Friday";"2015-12-04";"11:00:00"
"9917";"07029";"2";"ROAD_CLOSED";"incidentsubtype";"null";"40.741469532621";"-74.160035252574";"Friday";"2015-12-04";"11:00:00"
"9918";"07104";"1";"HAZARD";"incidentsubtype";"null";"40.748146";"-74.168873";"Friday";"2015-12-04";"11:00:00"
"9919";"07306";"0";"JAM";"incidentsubtype";"null";"40.732514";"-74.055134";"Friday";"2015-12-04";"11:00:00"
"9921";"10041";"52";"ROAD_CLOSED";"incidentsubtype";"null";"40.705996999999996";"-74.005203";"Friday";"2015-12-04";"11:00:00"
"9922";"10006";"0";"JAM";"incidentsubtype";"null";"40.703549";"-74.012224";"Friday";"2015-12-04";"11:00:00"
"9923";"10045";"0";"JAM";"incidentsubtype";"null";"40.704091";"-74.008999";"Friday";"2015-12-04";"11:00:00"
"9924";"07302";"3";"ROAD_CLOSED";"incidentsubtype";"null";"40.730554";"-74.046348";"Friday";"2015-12-04";"11:00:00"
"9926";"07302";"0";"ROAD_CLOSED";"incidentsubtype";"null";"40.721788";"-74.044271";"Friday";"2015-12-04";"11:00:00"
"9927";"07302";"0";"ROAD_CLOSED";"incidentsubtype";"null";"40.721788";"-74.044271";"Friday";"2015-12-04";"11:00:00"
"9928";"10048";"0";"JAM";"incidentsubtype";"null";"40.715514";"-74.015634";"Friday";"2015-12-04";"11:00:00"
"9930";"07306";"0";"HAZARD";"incidentsubtype";"Jersey City";"40.739296877950714";"-74.06360494984872";"Friday";"2015-12-04";"11:00:00"
"9931";"07030";"0";"ROAD_CLOSED";"incidentsubtype";"null";"40.749905";"-74.027162";"Friday";"2015-12-04";"11:00:00"
"9932";"10020";"0";"HAZARD";"incidentsubtype";"null";"40.738139";"-74.005981";"Friday";"2015-12-04";"11:00:00"
"9933";"10011";"2";"HAZARD";"incidentsubtype";"null";"40.742076";"-74.005904";"Friday";"2015-12-04";"11:00:00"
"9934";"07086";"0";"HAZARD";"incidentsubtype";"null";"40.770982";"-74.018044";"Friday";"2015-12-04";"11:00:00"
"9935";"07306";"0";"JAM";"incidentsubtype";"null";"40.739325";"-74.066507";"Friday";"2015-12-04";"11:00:00"
"9936";"10020";"0";"HAZARD";"incidentsubtype";"null";"40.741309";"-74.004065";"Friday";"2015-12-04";"11:00:00"
"9937";"10011";"0";"JAM";"incidentsubtype";"null";"40.742264";"-74.006356";"Friday";"2015-12-04";"11:00:00"
"9939";"11226";"0";"HAZARD";"incidentsubtype";"null";"40.640364";"-73.961726";"Friday";"2015-12-04";"11:00:00"
"9940";"11226";"0";"HAZARD";"incidentsubtype";"null";"40.638938";"-73.964742";"Friday";"2015-12-04";"11:00:00"
"9941";"11204";"0";"JAM";"incidentsubtype";"null";"40.632105";"-73.984259";"Friday";"2015-12-04";"11:00:00"
"9942";"11219";"0";"JAM";"incidentsubtype";"null";"40.636626";"-73.997639";"Friday";"2015-12-04";"11:00:00"
"9943";"11204";"0";"HAZARD";"incidentsubtype";"null";"40.625071";"-73.991721";"Friday";"2015-12-04";"11:00:00"
"9944";"11216";"0";"HAZARD";"incidentsubtype";"null";"40.676412";"-73.958377";"Friday";"2015-12-04";"11:00:00"
"9945";"11216";"0";"HAZARD";"incidentsubtype";"null";"40.676255";"-73.957629";"Friday";"2015-12-04";"11:00:00"
"9946";"11238";"0";"JAM";"incidentsubtype";"null";"40.680895";"-73.975379";"Friday";"2015-12-04";"11:00:00"
"9947";"11217";"1";"HAZARD";"incidentsubtype";"null";"40.674768";"-73.978415";"Friday";"2015-12-04";"11:00:00"
"9948";"11217";"0";"JAM";"incidentsubtype";"null";"40.679853";"-73.97029";"Friday";"2015-12-04";"11:00:00"
"9950";"11211";"0";"JAM";"incidentsubtype";"null";"40.71162";"-73.966338";"Friday";"2015-12-04";"11:00:00"
"9951";"11205";"0";"JAM";"incidentsubtype";"null";"40.699579";"-73.962374";"Friday";"2015-12-04";"11:00:00"
"9952";"11211";"0";"JAM";"incidentsubtype";"null";"40.707506";"-73.967407";"Friday";"2015-12-04";"11:00:00"
"9954";"11205";"0";"JAM";"incidentsubtype";"null";"40.699702";"-73.962335";"Friday";"2015-12-04";"11:00:00"
"9955";"10041";"21";"HAZARD";"incidentsubtype";"null";"40.70579960821787";"-74.00388509325406";"Friday";"2015-12-04";"11:00:00"
"9956";"11201";"1";"JAM";"incidentsubtype";"null";"40.701705";"-73.990349";"Friday";"2015-12-04";"11:00:00"
"9957";"11201";"1";"JAM";"incidentsubtype";"null";"40.701647";"-73.993144";"Friday";"2015-12-04";"11:00:00"
"9958";"11201";"1";"JAM";"incidentsubtype";"null";"40.701686";"-73.993015";"Friday";"2015-12-04";"11:00:00"
"9959";"11201";"0";"JAM";"incidentsubtype";"null";"40.70119";"-73.994338";"Friday";"2015-12-04";"11:00:00"
"9960";"11201";"2";"JAM";"incidentsubtype";"null";"40.702533";"-73.99294";"Friday";"2015-12-04";"11:00:00"
"9961";"11211";"0";"JAM";"incidentsubtype";"null";"40.711011";"-73.966608";"Friday";"2015-12-04";"11:00:00"
"9962";"11205";"0";"JAM";"incidentsubtype";"null";"40.69776";"-73.960049";"Friday";"2015-12-04";"11:00:00"
"9963";"11211";"0";"JAM";"incidentsubtype";"null";"40.707374";"-73.962377";"Friday";"2015-12-04";"11:00:00"
"9964";"11205";"3";"HAZARD";"incidentsubtype";"null";"40.698049";"-73.961931";"Friday";"2015-12-04";"11:00:00"
"9965";"10007";"178";"ROAD_CLOSED";"incidentsubtype";"null";"40.71617432587401";"-73.996111807376";"Friday";"2015-12-04";"11:00:00"
"9966";"10009";"0";"ROAD_CLOSED";"incidentsubtype";"null";"40.72607417187983";"-73.97425256087081";"Friday";"2015-12-04";"11:00:00"
"9967";"10009";"0";"ROAD_CLOSED";"incidentsubtype";"null";"40.726238382150385";"-73.97413837488254";"Friday";"2015-12-04";"11:00:00"
"9968";"10009";"27";"ROAD_CLOSED";"incidentsubtype";"null";"40.72483625911422";"-73.97516048862289";"Friday";"2015-12-04";"11:00:00"
"9969";"10038";"9";"ROAD_CLOSED";"incidentsubtype";"null";"40.715801572326995";"-73.99491996941289";"Friday";"2015-12-04";"11:00:00"
"9970";"10003";"0";"JAM";"incidentsubtype";"null";"40.735864";"-73.997407";"Friday";"2015-12-04";"11:00:00"
"9971";"10012";"0";"JAM";"incidentsubtype";"null";"40.728368";"-73.989059";"Friday";"2015-12-04";"11:00:00"
"9972";"10012";"0";"JAM";"incidentsubtype";"null";"40.733424";"-73.999133";"Friday";"2015-12-04";"11:00:00"
"9973";"10020";"1";"HAZARD";"incidentsubtype";"null";"40.726805";"-73.994459";"Friday";"2015-12-04";"11:00:00"
"9974";"10003";"0";"HAZARD";"incidentsubtype";"null";"40.725755";"-73.992349";"Friday";"2015-12-04";"11:00:00"
"9975";"10010";"0";"CHIT_CHAT";"incidentsubtype";"null";"40.735176";"-73.982946";"Friday";"2015-12-04";"11:00:00"
"9976";"10013";"2";"HAZARD";"incidentsubtype";"null";"40.724356";"-74.000969";"Friday";"2015-12-04";"11:00:00"
"9977";"11205";"0";"JAM";"incidentsubtype";"null";"40.695412";"-73.957275";"Friday";"2015-12-04";"11:00:00"
"9978";"11205";"0";"HAZARD";"incidentsubtype";"null";"40.695961";"-73.957384";"Friday";"2015-12-04";"11:00:00"
"9979";"11206";"0";"JAM";"incidentsubtype";"null";"40.700163";"-73.953874";"Friday";"2015-12-04";"11:00:00"
"9980";"11211";"0";"JAM";"incidentsubtype";"null";"40.705323";"-73.959258";"Friday";"2015-12-04";"11:00:00"
"9981";"10001";"0";"JAM";"incidentsubtype";"null";"40.739571";"-73.994332";"Friday";"2015-12-04";"11:00:00"
"9983";"10120";"0";"JAM";"incidentsubtype";"null";"40.744913";"-73.993594";"Friday";"2015-12-04";"11:00:00"
"9984";"10014";"0";"JAM";"incidentsubtype";"null";"40.739896";"-74.000726";"Friday";"2015-12-04";"11:00:00"
"9985";"10014";"0";"HAZARD";"incidentsubtype";"null";"40.740441";"-73.998218";"Friday";"2015-12-04";"11:00:00"
"9986";"10010";"0";"JAM";"incidentsubtype";"null";"40.738357";"-73.99145";"Friday";"2015-12-04";"11:00:00"
"9987";"10123";"0";"JAM";"incidentsubtype";"null";"40.747939";"-73.995015";"Friday";"2015-12-04";"11:00:00"
"9988";"10001";"0";"JAM";"incidentsubtype";"null";"40.739419";"-73.995796";"Friday";"2015-12-04";"11:00:00"
"9989";"10118";"0";"JAM";"incidentsubtype";"null";"40.743139";"-73.985554";"Friday";"2015-12-04";"11:00:00"
"9990";"10158";"0";"JAM";"incidentsubtype";"null";"40.745002";"-73.982303";"Friday";"2015-12-04";"11:00:00"
"9991";"10001";"0";"JAM";"incidentsubtype";"null";"40.73985";"-73.993186";"Friday";"2015-12-04";"11:00:00"
"9992";"10121";"1";"HAZARD";"incidentsubtype";"null";"40.7539225282416";"-73.99964373094983";"Friday";"2015-12-04";"11:00:00"
"9994";"10176";"0";"JAM";"incidentsubtype";"null";"40.755708";"-73.984079";"Friday";"2015-12-04";"11:00:00"
"9995";"10098";"0";"JAM";"incidentsubtype";"null";"40.7502";"-73.986696";"Friday";"2015-12-04";"11:00:00"
"9996";"10120";"0";"JAM";"incidentsubtype";"null";"40.748952";"-73.993611";"Friday";"2015-12-04";"11:00:00"
"9997";"10111";"0";"JAM";"incidentsubtype";"null";"40.758947";"-73.985931";"Friday";"2015-12-04";"11:00:00"
"9998";"10120";"0";"JAM";"incidentsubtype";"null";"40.755731";"-73.990206";"Friday";"2015-12-04";"11:00:00"
"9999";"10168";"2";"JAM";"incidentsubtype";"null";"40.746726";"-73.975332";"Friday";"2015-12-04";"11:00:00"
"10000";"10168";"8";"HAZARD";"incidentsubtype";"null";"40.745234";"-73.970439";"Friday";"2015-12-04";"11:00:00"
"10001";"10178";"0";"JAM";"incidentsubtype";"null";"40.745996";"-73.974172";"Friday";"2015-12-04";"11:00:00"
"10002";"10016";"0";"JAM";"incidentsubtype";"null";"40.73764";"-73.976369";"Friday";"2015-12-04";"11:00:00"
"10003";"10168";"0";"JAM";"incidentsubtype";"null";"40.747996";"-73.973774";"Friday";"2015-12-04";"11:00:00"
"10004";"10168";"0";"JAM";"incidentsubtype";"null";"40.74534";"-73.979275";"Friday";"2015-12-04";"11:00:00"
"10005";"10174";"0";"JAM";"incidentsubtype";"null";"40.74673";"-73.978436";"Friday";"2015-12-04";"11:00:00"
"10006";"10095";"0";"CHIT_CHAT";"incidentsubtype";"null";"40.742482";"-73.980477";"Friday";"2015-12-04";"11:00:00"
"10007";"10168";"0";"JAM";"incidentsubtype";"null";"40.752031";"-73.971476";"Friday";"2015-12-04";"11:00:00"
"10008";"10172";"0";"JAM";"incidentsubtype";"null";"40.753536";"-73.971167";"Friday";"2015-12-04";"11:00:00"
"10010";"10104";"0";"JAM";"incidentsubtype";"null";"40.763346";"-73.986675";"Friday";"2015-12-04";"11:00:00"
"10011";"10152";"0";"HAZARD";"incidentsubtype";"null";"40.761476";"-73.962436";"Friday";"2015-12-04";"11:00:00"
"10012";"10065";"2";"JAM";"incidentsubtype";"null";"40.760325";"-73.967698";"Friday";"2015-12-04";"11:00:00"
"10013";"10154";"0";"JAM";"incidentsubtype";"null";"40.760636";"-73.963045";"Friday";"2015-12-04";"11:00:00"
"10014";"10104";"0";"ROAD_CLOSED";"incidentsubtype";"null";"40.761606";"-73.990316";"Friday";"2015-12-04";"11:00:00"
"10015";"10104";"0";"ROAD_CLOSED";"incidentsubtype";"null";"40.761606";"-73.990316";"Friday";"2015-12-04";"11:00:00"
"10016";"10106";"0";"JAM";"incidentsubtype";"null";"40.761293";"-73.983738";"Friday";"2015-12-04";"11:00:00"
"10017";"10184";"0";"JAM";"incidentsubtype";"null";"40.778923";"-73.976323";"Friday";"2015-12-04";"11:00:00"
"10018";"10106";"0";"JAM";"incidentsubtype";"null";"40.764432";"-73.975338";"Friday";"2015-12-04";"11:00:00"
"10019";"10028";"0";"JAM";"incidentsubtype";"null";"40.773497";"-73.963452";"Friday";"2015-12-04";"11:00:00"
"10020";"07014";"0";"HAZARD";"incidentsubtype";"Rutherford";"40.82070587958367";"-74.13036168366489";"Friday";"2015-12-04";"11:00:00"
"10021";"07073";"9";"ROAD_CLOSED";"incidentsubtype";"null";"40.81299406957";"-74.067567020655";"Friday";"2015-12-04";"11:00:00"
"10022";"07073";"14";"ROAD_CLOSED";"incidentsubtype";"null";"40.81219397372";"-74.066209448497";"Friday";"2015-12-04";"11:00:00"
"10024";"07073";"0";"JAM";"incidentsubtype";"null";"40.802794";"-74.077631";"Friday";"2015-12-04";"11:00:00"
"10027";"07094";"0";"HAZARD";"incidentsubtype";"null";"40.783718";"-74.052303";"Friday";"2015-12-04";"11:00:00"
"10030";"07011";"0";"HAZARD";"incidentsubtype";"null";"40.878633";"-74.145188";"Friday";"2015-12-04";"11:00:00"
"10031";"07514";"0";"HAZARD";"incidentsubtype";"null";"40.92133443510549";"-74.14407949742476";"Friday";"2015-12-04";"11:00:00"
"10032";"07514";"1";"HAZARD";"incidentsubtype";"null";"40.92133443510549";"-74.14407949742476";"Friday";"2015-12-04";"11:00:00"
"10033";"07524";"0";"ACCIDENT";"incidentsubtype";"null";"40.936827";"-74.148064";"Friday";"2015-12-04";"11:00:00"
"10034";"07662";"4";"ROAD_CLOSED";"incidentsubtype";"null";"40.89753569615701";"-74.078644126653";"Friday";"2015-12-04";"11:00:00"
"10035";"07662";"17";"ROAD_CLOSED";"incidentsubtype";"null";"40.89983417878511";"-74.07853771505732";"Friday";"2015-12-04";"11:00:00"
"10036";"07662";"2";"ROAD_CLOSED";"incidentsubtype";"null";"40.89815811501198";"-74.078674972057";"Friday";"2015-12-04";"11:00:00"
"10037";"07662";"1";"ROAD_CLOSED";"incidentsubtype";"null";"40.89753569615701";"-74.078644126653";"Friday";"2015-12-04";"11:00:00"
"10038";"07662";"0";"ROAD_CLOSED";"incidentsubtype";"null";"40.896473312985";"-74.078601211309";"Friday";"2015-12-04";"11:00:00"
"10039";"07662";"24";"ROAD_CLOSED";"incidentsubtype";"null";"40.89503916890801";"-74.078543051242";"Friday";"2015-12-04";"11:00:00"
"10040";"07662";"15";"ROAD_CLOSED";"incidentsubtype";"null";"40.896473312985";"-74.078601211309";"Friday";"2015-12-04";"11:00:00"
"10041";"07662";"5";"ROAD_CLOSED";"incidentsubtype";"null";"40.899286360971";"-74.078587800263";"Friday";"2015-12-04";"11:00:00"
"10042";"07662";"1";"ROAD_CLOSED";"incidentsubtype";"null";"40.899286360971";"-74.078587800263";"Friday";"2015-12-04";"11:00:00"
"10043";"07662";"7";"ROAD_CLOSED";"incidentsubtype";"null";"40.89815811501198";"-74.078674972057";"Friday";"2015-12-04";"11:00:00"
"10044";"07607";"3";"ROAD_CLOSED";"incidentsubtype";"null";"40.896769";"-74.062732";"Friday";"2015-12-04";"11:00:00"
"10045";"07607";"8";"ROAD_CLOSED";"incidentsubtype";"null";"40.897939";"-74.06477";"Friday";"2015-12-04";"11:00:00"
"10046";"07607";"1";"ROAD_CLOSED";"incidentsubtype";"null";"40.896769";"-74.062732";"Friday";"2015-12-04";"11:00:00"
"10047";"07607";"4";"ROAD_CLOSED";"incidentsubtype";"null";"40.896205";"-74.061978";"Friday";"2015-12-04";"11:00:00"
"10048";"07607";"5";"ROAD_CLOSED";"incidentsubtype";"null";"40.896205";"-74.061978";"Friday";"2015-12-04";"11:00:00"
"10049";"07607";"5";"ROAD_CLOSED";"incidentsubtype";"null";"40.897348";"-74.063733";"Friday";"2015-12-04";"11:00:00"
"10050";"07607";"3";"ROAD_CLOSED";"incidentsubtype";"null";"40.895182";"-74.060429";"Friday";"2015-12-04";"11:00:00"
"10051";"07607";"9";"ROAD_CLOSED";"incidentsubtype";"null";"40.894830000000006";"-74.05918";"Friday";"2015-12-04";"11:00:00"
"10052";"07607";"5";"ROAD_CLOSED";"incidentsubtype";"null";"40.895182";"-74.060429";"Friday";"2015-12-04";"11:00:00"
"10053";"07607";"2";"ROAD_CLOSED";"incidentsubtype";"null";"40.897348";"-74.063733";"Friday";"2015-12-04";"11:00:00"
"10054";"07601";"3";"ROAD_CLOSED";"incidentsubtype";"null";"40.892298";"-74.057411";"Friday";"2015-12-04";"11:00:00"
"10055";"07607";"1";"ROAD_CLOSED";"incidentsubtype";"null";"40.895852";"-74.063645";"Friday";"2015-12-04";"11:00:00"
"10056";"07601";"0";"ROAD_CLOSED";"incidentsubtype";"null";"40.893308999999995";"-74.05921099999999";"Friday";"2015-12-04";"11:00:00"
"10057";"07601";"4";"ROAD_CLOSED";"incidentsubtype";"null";"40.893308999999995";"-74.05921099999999";"Friday";"2015-12-04";"11:00:00"
"10058";"07607";"3";"ROAD_CLOSED";"incidentsubtype";"null";"40.895852";"-74.063645";"Friday";"2015-12-04";"11:00:00"
"10062";"07688";"0";"JAM";"incidentsubtype";"null";"40.950744";"-74.072943";"Friday";"2015-12-04";"11:00:00"
"10063";"07652";"0";"HAZARD";"incidentsubtype";"null";"40.924415";"-74.07157";"Friday";"2015-12-04";"11:00:00"
"10064";"07652";"0";"JAM";"incidentsubtype";"null";"40.923998";"-74.071775";"Friday";"2015-12-04";"11:00:00"
"10066";"07666";"0";"HAZARD";"incidentsubtype";"null";"40.886601";"-73.996541";"Friday";"2015-12-04";"11:00:00"
"10067";"07458";"16";"HAZARD";"incidentsubtype";"null";"41.01569502591";"-74.107595026494";"Friday";"2015-12-04";"11:00:00"
"10068";"07450";"0";"HAZARD";"incidentsubtype";"null";"40.974592";"-74.106724";"Friday";"2015-12-04";"11:00:00"
"10069";"11220";"11";"HAZARD";"incidentsubtype";"null";"40.64049526978414";"-74.0224784814348";"Friday";"2015-12-04";"11:00:00"
"10070";"11209";"0";"HAZARD";"incidentsubtype";"null";"40.62132";"-74.037822";"Friday";"2015-12-04";"11:00:00"
"10071";"07002";"0";"JAM";"incidentsubtype";"null";"40.679271";"-74.101981";"Friday";"2015-12-04";"11:00:00"
"10073";"07002";"0";"HAZARD";"incidentsubtype";"null";"40.678286";"-74.102817";"Friday";"2015-12-04";"11:00:00"
"10074";"07302";"0";"ROAD_CLOSED";"incidentsubtype";"null";"40.722391";"-74.04256";"Friday";"2015-12-04";"11:00:00"
"10075";"10271";"4";"HAZARD";"incidentsubtype";"null";"40.70336050835639";"-74.00775040674448";"Friday";"2015-12-04";"11:00:00"
"10076";"10048";"0";"JAM";"incidentsubtype";"null";"40.711681";"-74.00926";"Friday";"2015-12-04";"11:00:00"
"10077";"10006";"0";"JAM";"incidentsubtype";"null";"40.703395";"-74.011571";"Friday";"2015-12-04";"11:00:00"
"10079";"07306";"0";"JAM";"incidentsubtype";"null";"40.733971";"-74.059346";"Friday";"2015-12-04";"11:00:00"
"10080";"10270";"0";"JAM";"incidentsubtype";"null";"40.704986";"-74.012582";"Friday";"2015-12-04";"11:00:00"
"10081";"10270";"0";"JAM";"incidentsubtype";"null";"40.705007";"-74.012942";"Friday";"2015-12-04";"11:00:00"
"10082";"11238";"1";"HAZARD";"incidentsubtype";"null";"40.685533";"-73.972499";"Friday";"2015-12-04";"11:00:00"
"10083";"11238";"0";"HAZARD";"incidentsubtype";"null";"40.680697";"-73.953635";"Friday";"2015-12-04";"11:00:00"
"10084";"11217";"0";"JAM";"incidentsubtype";"null";"40.674492";"-73.97545";"Friday";"2015-12-04";"11:00:00"
"10085";"11238";"0";"JAM";"incidentsubtype";"null";"40.680701";"-73.953656";"Friday";"2015-12-04";"11:00:00"
"10086";"11219";"0";"HAZARD";"incidentsubtype";"null";"40.628006";"-73.996457";"Friday";"2015-12-04";"11:00:00"
"10087";"11201";"0";"JAM";"incidentsubtype";"null";"40.691921";"-73.992604";"Friday";"2015-12-04";"11:00:00"
"10089";"11218";"0";"JAM";"incidentsubtype";"null";"40.639914";"-73.987036";"Friday";"2015-12-04";"11:00:00"
"10091";"11219";"0";"JAM";"incidentsubtype";"null";"40.633711";"-73.995103";"Friday";"2015-12-04";"11:00:00"
"10093";"11219";"0";"JAM";"incidentsubtype";"null";"40.633511";"-73.993695";"Friday";"2015-12-04";"11:00:00"
"10095";"11205";"0";"JAM";"incidentsubtype";"null";"40.69837";"-73.960778";"Friday";"2015-12-04";"11:00:00"
"10096";"11201";"0";"JAM";"incidentsubtype";"null";"40.697214";"-73.997685";"Friday";"2015-12-04";"11:00:00"
"10097";"10038";"0";"JAM";"incidentsubtype";"null";"40.702606";"-73.99495";"Friday";"2015-12-04";"11:00:00"
"10098";"11205";"3";"JAM";"incidentsubtype";"null";"40.695974";"-73.965247";"Friday";"2015-12-04";"11:00:00"
"10099";"11201";"2";"HAZARD";"incidentsubtype";"null";"40.694462";"-73.999009";"Friday";"2015-12-04";"11:00:00"
"10100";"11211";"0";"JAM";"incidentsubtype";"null";"40.708673";"-73.962546";"Friday";"2015-12-04";"11:00:00"
"10101";"11205";"0";"HAZARD";"incidentsubtype";"null";"40.696061";"-73.976688";"Friday";"2015-12-04";"11:00:00"
"10102";"11201";"0";"JAM";"incidentsubtype";"null";"40.693808";"-73.999319";"Friday";"2015-12-04";"11:00:00"
"10104";"11233";"1";"HAZARD";"incidentsubtype";"null";"40.680893";"-73.918656";"Friday";"2015-12-04";"11:00:00"
"10106";"11233";"0";"HAZARD";"incidentsubtype";"null";"40.682219";"-73.913631";"Friday";"2015-12-04";"11:00:00"
"10107";"11207";"0";"HAZARD";"incidentsubtype";"null";"40.684745";"-73.907983";"Friday";"2015-12-04";"11:00:00"
"10108";"11233";"0";"JAM";"incidentsubtype";"null";"40.674525";"-73.906818";"Friday";"2015-12-04";"11:00:00"
"10109";"11208";"0";"HAZARD";"incidentsubtype";"null";"40.685973";"-73.877508";"Friday";"2015-12-04";"11:00:00"
"10110";"11414";"0";"HAZARD";"incidentsubtype";"Queens";"40.66515773138946";"-73.84488407218413";"Friday";"2015-12-04";"11:00:00"
"10111";"11233";"1";"HAZARD";"incidentsubtype";"null";"40.681281";"-73.915279";"Friday";"2015-12-04";"11:00:00"
"10112";"11378";"0";"HAZARD";"incidentsubtype";"null";"40.720175";"-73.917111";"Friday";"2015-12-04";"11:00:00"
"10113";"11385";"10";"ROAD_CLOSED";"incidentsubtype";"null";"40.70392044995574";"-73.89094367089407";"Friday";"2015-12-04";"11:00:00"
"10114";"11385";"13";"ROAD_CLOSED";"incidentsubtype";"null";"40.70429000000001";"-73.891831";"Friday";"2015-12-04";"11:00:00"
"10115";"11377";"0";"JAM";"incidentsubtype";"null";"40.735537";"-73.915839";"Friday";"2015-12-04";"11:00:00"
"10116";"11373";"0";"HAZARD";"incidentsubtype";"null";"40.728297";"-73.870715";"Friday";"2015-12-04";"11:00:00"
"10118";"11368";"146";"ROAD_CLOSED";"incidentsubtype";"null";"40.745474";"-73.86608799999999";"Friday";"2015-12-04";"11:00:00"
"10119";"11105";"0";"HAZARD";"incidentsubtype";"null";"40.76746406593671";"-73.90196843581701";"Friday";"2015-12-04";"11:00:00"
"10120";"11368";"1";"ACCIDENT";"incidentsubtype";"null";"40.742697";"-73.845991";"Friday";"2015-12-04";"11:00:00"
"10121";"11375";"0";"JAM";"incidentsubtype";"null";"40.73776";"-73.849977";"Friday";"2015-12-04";"11:00:00"
"10122";"11375";"0";"JAM";"incidentsubtype";"null";"40.738777";"-73.847067";"Friday";"2015-12-04";"11:00:00"
"10123";"11003";"3";"HAZARD";"incidentsubtype";"null";"40.686139";"-73.725881";"Friday";"2015-12-04";"11:00:00"
"10124";"11430";"0";"HAZARD";"incidentsubtype";"null";"40.658555";"-73.773901";"Friday";"2015-12-04";"11:00:00"
"10125";"11430";"77";"ROAD_CLOSED";"incidentsubtype";"null";"40.661319101815";"-73.813368018391";"Friday";"2015-12-04";"11:00:00"
"10126";"11430";"79";"ROAD_CLOSED";"incidentsubtype";"null";"40.660635";"-73.823958";"Friday";"2015-12-04";"11:00:00"
"10127";"11430";"6";"ROAD_CLOSED";"incidentsubtype";"null";"40.661121412082686";"-73.82209846003708";"Friday";"2015-12-04";"11:00:00"
"10128";"11436";"0";"HAZARD";"incidentsubtype";"Jamaica";"40.66690936209122";"-73.79040841104506";"Friday";"2015-12-04";"11:00:00"
"10131";"11415";"4";"HAZARD";"incidentsubtype";"null";"40.70916700372191";"-73.81886121478475";"Friday";"2015-12-04";"11:00:00"
"10132";"11415";"6";"HAZARD";"incidentsubtype";"Fresh Meadows";"40.70911928516958";"-73.81908594363355";"Friday";"2015-12-04";"11:00:00"
"10133";"11415";"14";"HAZARD";"incidentsubtype";"Fresh Meadows";"40.71005901444437";"-73.82083966399694";"Friday";"2015-12-04";"11:00:00"
"10134";"11366";"1";"HAZARD";"incidentsubtype";"null";"40.731788";"-73.780156";"Friday";"2015-12-04";"11:00:00"
"10135";"11426";"1";"ACCIDENT";"incidentsubtype";"null";"40.74664";"-73.729292";"Friday";"2015-12-04";"11:00:00"
"10136";"11354";"0";"HAZARD";"incidentsubtype";"null";"40.773708";"-73.817456";"Friday";"2015-12-04";"11:00:00"
"10137";"11360";"0";"HAZARD";"incidentsubtype";"null";"40.772759";"-73.778994";"Friday";"2015-12-04";"11:00:00"
"10138";"11362";"0";"HAZARD";"incidentsubtype";"null";"40.756769";"-73.739896";"Friday";"2015-12-04";"11:00:00"
"10139";"11362";"0";"HAZARD";"incidentsubtype";"null";"40.755548";"-73.74116";"Friday";"2015-12-04";"11:00:00"
"10140";"11362";"1";"HAZARD";"incidentsubtype";"Glen Oaks";"40.74377661820114";"-73.73218995045448";"Friday";"2015-12-04";"11:00:00"
"10141";"11367";"0";"HAZARD";"incidentsubtype";"Fresh Meadows";"40.716935067586256";"-73.82713493431282";"Friday";"2015-12-04";"11:00:00"
"10145";"10457";"0";"ACCIDENT";"incidentsubtype";"null";"40.849378";"-73.895766";"Friday";"2015-12-04";"11:00:00"
"10146";"10499";"0";"JAM";"incidentsubtype";"null";"40.856144";"-73.831324";"Friday";"2015-12-04";"11:00:00"
"10149";"10707";"0";"HAZARD";"incidentsubtype";"null";"40.955976";"-73.83152";"Friday";"2015-12-04";"11:00:00"
"10150";"10704";"0";"HAZARD";"incidentsubtype";"null";"40.930571";"-73.853808";"Friday";"2015-12-04";"11:00:00"
"10154";"10583";"1";"HAZARD";"incidentsubtype";"null";"40.986159";"-73.837906";"Friday";"2015-12-04";"11:00:00"
"10155";"10710";"0";"HAZARD";"incidentsubtype";"null";"40.975657";"-73.859899";"Friday";"2015-12-04";"11:00:00"
"10156";"10533";"0";"HAZARD";"incidentsubtype";"null";"41.036284";"-73.872727";"Friday";"2015-12-04";"11:00:00"
"10157";"10706";"0";"HAZARD";"incidentsubtype";"null";"40.984458";"-73.871929";"Friday";"2015-12-04";"11:00:00"
"10158";"11357";"0";"HAZARD";"incidentsubtype";"null";"40.787253";"-73.820543";"Friday";"2015-12-04";"11:00:00"
"10159";"null";"26";"HAZARD";"incidentsubtype";"City Island";"40.807679";"-73.79379";"Friday";"2015-12-04";"11:00:00"
"10160";"11359";"0";"HAZARD";"incidentsubtype";"null";"40.789935";"-73.781938";"Friday";"2015-12-04";"11:00:00"
"10161";"11359";"0";"HAZARD";"incidentsubtype";"null";"40.79255";"-73.779997";"Friday";"2015-12-04";"11:00:00"
"10162";"10803";"0";"HAZARD";"incidentsubtype";"null";"40.904768";"-73.818763";"Friday";"2015-12-04";"11:00:00"
"10163";"10552";"0";"HAZARD";"incidentsubtype";"null";"40.925896";"-73.825291";"Friday";"2015-12-04";"11:00:00"
"10164";"10552";"0";"HAZARD";"incidentsubtype";"null";"40.926425";"-73.826587";"Friday";"2015-12-04";"11:00:00"
"10165";"10552";"0";"HAZARD";"incidentsubtype";"null";"40.926648";"-73.826884";"Friday";"2015-12-04";"11:00:00"
"10166";"10604";"0";"HAZARD";"incidentsubtype";"null";"41.024851";"-73.730697";"Friday";"2015-12-04";"11:00:00"
"10167";"10523";"2";"HAZARD";"incidentsubtype";"Elmsford";"41.05322337533148";"-73.82244148659098";"Friday";"2015-12-04";"11:00:00"
"10168";"10523";"4";"HAZARD";"incidentsubtype";"Elmsford";"41.05030741511496";"-73.81061296563753";"Friday";"2015-12-04";"11:00:00"
"10169";"11207";"1";"HAZARD";"incidentsubtype";"null";"40.678702";"-73.888552";"Friday";"2015-12-04";"11:00:00"
"10170";"11208";"0";"HAZARD";"incidentsubtype";"null";"40.680997";"-73.881345";"Friday";"2015-12-04";"11:00:00"
"10171";"11104";"1";"JAM";"incidentsubtype";"null";"40.735812";"-73.918297";"Friday";"2015-12-04";"11:00:00"
"10172";"11368";"2";"HAZARD";"incidentsubtype";"null";"40.743555405710914";"-73.83723566294023";"Friday";"2015-12-04";"11:00:00"
"10173";"11422";"2";"HAZARD";"incidentsubtype";"null";"40.653096";"-73.746497";"Friday";"2015-12-04";"11:00:00"
"10174";"11365";"0";"HAZARD";"incidentsubtype";"null";"40.742028";"-73.781451";"Friday";"2015-12-04";"11:00:00"
"10176";"11432";"0";"HAZARD";"incidentsubtype";"null";"40.70863";"-73.793929";"Friday";"2015-12-04";"11:00:00"
"10177";"11432";"0";"HAZARD";"incidentsubtype";"null";"40.708185";"-73.79507";"Friday";"2015-12-04";"11:00:00"
"10178";"11411";"1";"HAZARD";"incidentsubtype";"null";"40.697173";"-73.727438";"Friday";"2015-12-04";"11:00:00"
"10179";"11434";"0";"HAZARD";"incidentsubtype";"null";"40.66043";"-73.771978";"Friday";"2015-12-04";"11:00:00"
"10180";"10452";"0";"HAZARD";"incidentsubtype";"null";"40.838679";"-73.913541";"Friday";"2015-12-04";"11:00:00"
"10181";"10451";"0";"JAM";"incidentsubtype";"null";"40.824709";"-73.918935";"Friday";"2015-12-04";"11:00:00"
"10183";"10463";"0";"HAZARD";"incidentsubtype";"null";"40.889136";"-73.908477";"Friday";"2015-12-04";"11:00:00"
"10184";"10706";"0";"HAZARD";"incidentsubtype";"null";"40.98299533771054";"-73.86520135445694";"Friday";"2015-12-04";"11:00:00"
"10185";"10706";"0";"HAZARD";"incidentsubtype";"null";"40.98299533771054";"-73.86520135445694";"Friday";"2015-12-04";"11:00:00"
"10186";"11357";"1";"HAZARD";"incidentsubtype";"null";"40.788169";"-73.815855";"Friday";"2015-12-04";"11:00:00"
"10187";"11357";"1";"HAZARD";"incidentsubtype";"null";"40.786494";"-73.802652";"Friday";"2015-12-04";"11:00:00"
"10190";"10530";"0";"JAM";"incidentsubtype";"null";"41.020275";"-73.799694";"Friday";"2015-12-04";"11:00:00"
"10191";"10530";"0";"JAM";"incidentsubtype";"null";"41.020179";"-73.799664";"Friday";"2015-12-04";"11:00:00"
"10192";"11236";"1";"JAM";"incidentsubtype";"null";"40.64451";"-73.901617";"Friday";"2015-12-04";"11:00:00"
"10194";"11236";"0";"ACCIDENT";"incidentsubtype";"null";"40.646392";"-73.896439";"Friday";"2015-12-04";"11:00:00"
"10195";"11236";"0";"JAM";"incidentsubtype";"null";"40.646392";"-73.896439";"Friday";"2015-12-04";"11:00:00"
"10196";"11207";"0";"HAZARD";"incidentsubtype";"null";"40.67809264108661";"-73.89752359568205";"Friday";"2015-12-04";"11:00:00"
"10197";"11414";"13";"HAZARD";"incidentsubtype";"null";"40.665981528471605";"-73.84164994140316";"Friday";"2015-12-04";"11:00:00"
"10198";"11208";"0";"HAZARD";"incidentsubtype";"null";"40.671349";"-73.870946";"Friday";"2015-12-04";"11:00:00"
"10199";"11208";"0";"HAZARD";"incidentsubtype";"null";"40.671349";"-73.870946";"Friday";"2015-12-04";"11:00:00"
"10200";"11233";"0";"HAZARD";"incidentsubtype";"null";"40.676366";"-73.912313";"Friday";"2015-12-04";"11:00:00"
"10201";"11221";"0";"JAM";"incidentsubtype";"null";"40.688085";"-73.915658";"Friday";"2015-12-04";"11:00:00"
"10203";"11208";"1";"HAZARD";"incidentsubtype";"null";"40.680068";"-73.875286";"Friday";"2015-12-04";"11:00:00"
"10204";"11378";"0";"JAM";"incidentsubtype";"null";"40.714756";"-73.913708";"Friday";"2015-12-04";"11:00:00"
"10205";"11378";"0";"JAM";"incidentsubtype";"null";"40.71584";"-73.912118";"Friday";"2015-12-04";"11:00:00"
"10206";"11559";"4";"HAZARD";"incidentsubtype";"null";"40.63306";"-73.739135";"Friday";"2015-12-04";"11:00:00"
"10207";"11364";"0";"HAZARD";"incidentsubtype";"null";"40.748386";"-73.761787";"Friday";"2015-12-04";"11:00:00"
"10208";"11430";"5";"HAZARD";"incidentsubtype";"null";"40.660963";"-73.777533";"Friday";"2015-12-04";"11:00:00"
"10209";"11430";"1";"HAZARD";"incidentsubtype";"null";"40.660202";"-73.77521";"Friday";"2015-12-04";"11:00:00"
"10210";"11559";"0";"HAZARD";"incidentsubtype";"null";"40.635052";"-73.739911";"Friday";"2015-12-04";"11:00:00"
"10211";"11430";"3";"HAZARD";"incidentsubtype";"null";"40.65655";"-73.768059";"Friday";"2015-12-04";"11:00:00"
"10212";"11413";"3";"HAZARD";"incidentsubtype";"null";"40.666904";"-73.762003";"Friday";"2015-12-04";"11:00:00"
"10213";"11415";"2";"HAZARD";"incidentsubtype";"null";"40.71517171757574";"-73.82694503698498";"Friday";"2015-12-04";"11:00:00"
"10214";"11375";"2";"HAZARD";"incidentsubtype";"null";"40.71643014763248";"-73.82792844709553";"Friday";"2015-12-04";"11:00:00"
"10215";"11441";"0";"HAZARD";"incidentsubtype";"null";"40.697069";"-73.814709";"Friday";"2015-12-04";"11:00:00"
"10216";"11430";"0";"HAZARD";"incidentsubtype";"null";"40.651095";"-73.758334";"Friday";"2015-12-04";"11:00:00"
"10217";"11366";"0";"CHIT_CHAT";"incidentsubtype";"null";"40.722128";"-73.804589";"Friday";"2015-12-04";"11:00:00"
"10219";"11361";"0";"HAZARD";"incidentsubtype";"null";"40.755747";"-73.767191";"Friday";"2015-12-04";"11:00:00"
"10220";"11361";"0";"HAZARD";"incidentsubtype";"null";"40.762797";"-73.770577";"Friday";"2015-12-04";"11:00:00"
"10221";"11422";"0";"JAM";"incidentsubtype";"null";"40.639646";"-73.742437";"Friday";"2015-12-04";"11:00:00"
"10222";"11422";"0";"JAM";"incidentsubtype";"null";"40.637908";"-73.741041";"Friday";"2015-12-04";"11:00:00"
"10229";"10467";"0";"JAM";"incidentsubtype";"null";"40.871476";"-73.87646";"Friday";"2015-12-04";"11:00:00"
"10231";"10467";"1";"HAZARD";"incidentsubtype";"null";"40.901869";"-73.879047";"Friday";"2015-12-04";"11:00:00"
"10232";"10463";"2";"HAZARD";"incidentsubtype";"null";"40.885721";"-73.897234";"Friday";"2015-12-04";"11:00:00"
"10234";"10533";"0";"HAZARD";"incidentsubtype";"null";"41.040918";"-73.837722";"Friday";"2015-12-04";"11:00:00"
"10235";"10701";"0";"HAZARD";"incidentsubtype";"null";"40.976666";"-73.880845";"Friday";"2015-12-04";"11:00:00"
"10236";"10706";"1";"HAZARD";"incidentsubtype";"null";"40.978183";"-73.880317";"Friday";"2015-12-04";"11:00:00"
"10237";"10522";"0";"HAZARD";"incidentsubtype";"null";"41.013982";"-73.873526";"Friday";"2015-12-04";"11:00:00"
"10238";"10522";"1";"HAZARD";"incidentsubtype";"null";"41.00252907806039";"-73.85649112557317";"Friday";"2015-12-04";"11:00:00"
"10239";"10522";"4";"HAZARD";"incidentsubtype";"null";"41.00259275415129";"-73.85662611380027";"Friday";"2015-12-04";"11:00:00"
"10240";"10522";"0";"HAZARD";"incidentsubtype";"null";"41.009144";"-73.878721";"Friday";"2015-12-04";"11:00:00"
"10241";"10706";"0";"HAZARD";"incidentsubtype";"null";"40.982687";"-73.866654";"Friday";"2015-12-04";"11:00:00"
"10242";"10522";"0";"HAZARD";"incidentsubtype";"null";"41.007565";"-73.879172";"Friday";"2015-12-04";"11:00:00"
"10243";"10503";"0";"HAZARD";"incidentsubtype";"null";"41.027455";"-73.867604";"Friday";"2015-12-04";"11:00:00"
"10244";"10530";"0";"HAZARD";"incidentsubtype";"null";"41.013355";"-73.804943";"Friday";"2015-12-04";"11:00:00"
"10246";"11386";"1";"HAZARD";"incidentsubtype";"null";"40.651274";"-73.86653";"Friday";"2015-12-04";"11:00:00"
"10247";"11420";"0";"HAZARD";"incidentsubtype";"null";"40.664439556413264";"-73.82952793663132";"Friday";"2015-12-04";"11:00:00"
"10248";"11377";"0";"JAM";"incidentsubtype";"Woodside";"40.731785";"-73.918512";"Friday";"2015-12-04";"11:00:00"
"10249";"11374";"0";"JAM";"incidentsubtype";"null";"40.734423";"-73.86274";"Friday";"2015-12-04";"11:00:00"
"10250";"11367";"0";"HAZARD";"incidentsubtype";"null";"40.730115";"-73.834095";"Friday";"2015-12-04";"11:00:00"
"10251";"11374";"0";"JAM";"incidentsubtype";"null";"40.736214";"-73.856706";"Friday";"2015-12-04";"11:00:00"
"10252";"11374";"0";"JAM";"incidentsubtype";"null";"40.736579";"-73.855217";"Friday";"2015-12-04";"11:00:00"
"10253";"11378";"3";"HAZARD";"incidentsubtype";"null";"40.725979";"-73.902867";"Friday";"2015-12-04";"11:00:00"
"10254";"11378";"0";"JAM";"incidentsubtype";"null";"40.72907";"-73.909769";"Friday";"2015-12-04";"11:00:00"
"10255";"11375";"3";"HAZARD";"incidentsubtype";"null";"40.733793";"-73.844165";"Friday";"2015-12-04";"11:00:00"
"10256";"11371";"2";"HAZARD";"incidentsubtype";"null";"40.770485";"-73.868851";"Friday";"2015-12-04";"11:00:00"
"10258";"11371";"0";"JAM";"incidentsubtype";"null";"40.763385";"-73.861037";"Friday";"2015-12-04";"11:00:00"
"10259";"11430";"2";"HAZARD";"incidentsubtype";"null";"40.665185";"-73.803421";"Friday";"2015-12-04";"11:00:00"
"10260";"11434";"2";"HAZARD";"incidentsubtype";"null";"40.66491";"-73.795256";"Friday";"2015-12-04";"11:00:00"
"10261";"11434";"0";"HAZARD";"incidentsubtype";"null";"40.663427";"-73.784969";"Friday";"2015-12-04";"11:00:00"
"10263";"11436";"3";"HAZARD";"incidentsubtype";"null";"40.675895";"-73.802515";"Friday";"2015-12-04";"11:00:00"
"10264";"11415";"370";"HAZARD";"incidentsubtype";"null";"40.711183";"-73.822038";"Friday";"2015-12-04";"11:00:00"
"10265";"11435";"79";"HAZARD";"incidentsubtype";"null";"40.70245023918603";"-73.81646648537617";"Friday";"2015-12-04";"11:00:00"
"10266";"11427";"4";"HAZARD";"incidentsubtype";"null";"40.733764";"-73.744947";"Friday";"2015-12-04";"11:00:00"
"10269";"11364";"0";"HAZARD";"incidentsubtype";"null";"40.746064";"-73.772321";"Friday";"2015-12-04";"11:00:00"
"10270";"11365";"0";"HAZARD";"incidentsubtype";"null";"40.741397";"-73.785085";"Friday";"2015-12-04";"11:00:00"
"10272";"11361";"0";"HAZARD";"incidentsubtype";"null";"40.767031";"-73.759511";"Friday";"2015-12-04";"11:00:00"
"10273";"11362";"4";"ACCIDENT";"incidentsubtype";"null";"40.74445";"-73.731488";"Friday";"2015-12-04";"11:00:00"
"10276";"11042";"0";"HAZARD";"incidentsubtype";"null";"40.767515";"-73.700206";"Friday";"2015-12-04";"11:00:00"
"10277";"11426";"0";"ACCIDENT";"incidentsubtype";"null";"40.74751";"-73.728887";"Friday";"2015-12-04";"11:00:00"
"10278";"11042";"0";"JAM";"incidentsubtype";"null";"40.767472";"-73.695394";"Friday";"2015-12-04";"11:00:00"
"10279";"11426";"0";"ACCIDENT";"incidentsubtype";"null";"40.745224";"-73.730626";"Friday";"2015-12-04";"11:00:00"
"10280";"11020";"0";"JAM";"incidentsubtype";"null";"40.767235";"-73.715422";"Friday";"2015-12-04";"11:00:00"
"10282";"11005";"2";"HAZARD";"incidentsubtype";"Lake Success";"40.759546";"-73.711125";"Friday";"2015-12-04";"11:00:00"
"10283";"11005";"2";"HAZARD";"incidentsubtype";"null";"40.765949";"-73.716611";"Friday";"2015-12-04";"11:00:00"
"10284";"10035";"0";"JAM";"incidentsubtype";"null";"40.795495";"-73.921716";"Friday";"2015-12-04";"11:00:00"
"10285";"10035";"0";"JAM";"incidentsubtype";"null";"40.794878";"-73.92193";"Friday";"2015-12-04";"11:00:00"
"10286";"10453";"0";"JAM";"incidentsubtype";"null";"40.844995";"-73.917928";"Friday";"2015-12-04";"11:00:00"
"10287";"10465";"5";"HAZARD";"incidentsubtype";"null";"40.806431";"-73.832622";"Friday";"2015-12-04";"11:00:00"
"10289";"10465";"0";"JAM";"incidentsubtype";"null";"40.81482";"-73.8367";"Friday";"2015-12-04";"11:00:00"
"10290";"10459";"1";"HAZARD";"incidentsubtype";"null";"40.815849";"-73.894762";"Friday";"2015-12-04";"11:00:00"
"10291";"10472";"2";"JAM";"incidentsubtype";"null";"40.834405";"-73.86411";"Friday";"2015-12-04";"11:00:00"
"10292";"10472";"0";"JAM";"incidentsubtype";"null";"40.836587";"-73.876162";"Friday";"2015-12-04";"11:00:00"
"10295";"10463";"0";"JAM";"incidentsubtype";"null";"40.877194";"-73.90435";"Friday";"2015-12-04";"11:00:00"
"10296";"10701";"0";"HAZARD";"incidentsubtype";"null";"40.934703";"-73.864565";"Friday";"2015-12-04";"11:00:00"
"10299";"10471";"0";"HAZARD";"incidentsubtype";"null";"40.902977";"-73.888248";"Friday";"2015-12-04";"11:00:00"
"10300";"10467";"5";"HAZARD";"incidentsubtype";"null";"40.878922";"-73.869735";"Friday";"2015-12-04";"11:00:00"
"10303";"10471";"1";"HAZARD";"incidentsubtype";"null";"40.899336";"-73.906982";"Friday";"2015-12-04";"11:00:00"
