"29652";"07733";"0";"HAZARD";"incidentsubtype";"H";"40.402663009395745";"-74.19209122225334";"Wednesday";"2015-12-09";"20:00:00"
"29653";"08816";"0";"HAZARD";"incidentsubtype";"null";"40.447969";"-74.399354";"Wednesday";"2015-12-09";"20:00:00"
"29654";"08817";"0";"HAZARD";"incidentsubtype";"null";"40.494343";"-74.389925";"Wednesday";"2015-12-09";"20:00:00"
"29655";"08812";"36";"ROAD_CLOSED";"incidentsubtype";"null";"40.602228000000025";"-74.46591900000001";"Wednesday";"2015-12-09";"20:00:00"
"29656";"08812";"43";"ROAD_CLOSED";"incidentsubtype";"null";"40.59924499999998";"-74.463351";"Wednesday";"2015-12-09";"20:00:00"
"29657";"07059";"0";"HAZARD";"incidentsubtype";"null";"40.591497";"-74.513839";"Wednesday";"2015-12-09";"20:00:00"
"29658";"08840";"3";"HAZARD";"incidentsubtype";"null";"40.537317";"-74.37539";"Wednesday";"2015-12-09";"20:00:00"
"29659";"08878";"1";"ROAD_CLOSED";"incidentsubtype";"null";"40.432889141763226";"-74.2512049585956";"Wednesday";"2015-12-09";"20:00:00"
"29660";"08878";"1";"ROAD_CLOSED";"incidentsubtype";"null";"40.43301719117612";"-74.25124663871601";"Wednesday";"2015-12-09";"20:00:00"
"29661";"08878";"1";"ROAD_CLOSED";"incidentsubtype";"null";"40.433409830082";"-74.251327464962";"Wednesday";"2015-12-09";"20:00:00"
"29662";"08878";"517";"ROAD_CLOSED";"incidentsubtype";"null";"40.43718908727";"-74.250961611821";"Wednesday";"2015-12-09";"20:00:00"
"29663";"08878";"2";"ROAD_CLOSED";"incidentsubtype";"null";"40.43545809451698";"-74.25112918411104";"Wednesday";"2015-12-09";"20:00:00"
"29664";"08878";"0";"POLICE";"incidentsubtype";"null";"40.436253";"-74.251052";"Wednesday";"2015-12-09";"20:00:00"
"29665";"08872";"1";"JAM";"incidentsubtype";"null";"40.438342";"-74.351991";"Wednesday";"2015-12-09";"20:00:00"
"29666";"07095";"0";"HAZARD";"incidentsubtype";"Fords";"40.536332611017436";"-74.29653111237596";"Wednesday";"2015-12-09";"20:00:00"
"29667";"08837";"0";"HAZARD";"incidentsubtype";"Fords";"40.53655009606322";"-74.32309902963256";"Wednesday";"2015-12-09";"20:00:00"
"29668";"08837";"1";"HAZARD";"incidentsubtype";"null";"40.526196";"-74.32724";"Wednesday";"2015-12-09";"20:00:00"
"29669";"08837";"4";"POLICE";"incidentsubtype";"null";"40.525245";"-74.338576";"Wednesday";"2015-12-09";"20:00:00"
"29670";"08832";"1";"HAZARD";"incidentsubtype";"null";"40.520295";"-74.307935";"Wednesday";"2015-12-09";"20:00:00"
"29671";"07095";"0";"POLICE";"incidentsubtype";"null";"40.542783";"-74.28819";"Wednesday";"2015-12-09";"20:00:00"
"29672";"07095";"0";"HAZARD";"incidentsubtype";"null";"40.553179";"-74.300721";"Wednesday";"2015-12-09";"20:00:00"
"29673";"08837";"0";"HAZARD";"incidentsubtype";"null";"40.527468";"-74.33478";"Wednesday";"2015-12-09";"20:00:00"
"29674";"07095";"0";"POLICE";"incidentsubtype";"null";"40.542141";"-74.288849";"Wednesday";"2015-12-09";"20:00:00"
"29675";"07076";"3";"ROAD_CLOSED";"incidentsubtype";"null";"40.6168153714299";"-74.36623450112748";"Wednesday";"2015-12-09";"20:00:00"
"29676";"07076";"2";"ROAD_CLOSED";"incidentsubtype";"null";"40.617335573049";"-74.365759730338";"Wednesday";"2015-12-09";"20:00:00"
"29677";"07901";"1";"ROAD_CLOSED";"incidentsubtype";"null";"40.71871214768899";"-74.365559399128";"Wednesday";"2015-12-09";"20:00:00"
"29678";"07901";"19";"ROAD_CLOSED";"incidentsubtype";"null";"40.71871214768899";"-74.365559399128";"Wednesday";"2015-12-09";"20:00:00"
"29679";"07901";"1";"ROAD_CLOSED";"incidentsubtype";"null";"40.717854256918";"-74.364725232125";"Wednesday";"2015-12-09";"20:00:00"
"29680";"07901";"49";"ROAD_CLOSED";"incidentsubtype";"null";"40.716823045384";"-74.363981589676";"Wednesday";"2015-12-09";"20:00:00"
"29681";"07901";"32";"ROAD_CLOSED";"incidentsubtype";"null";"40.717854256918";"-74.364725232125";"Wednesday";"2015-12-09";"20:00:00"
"29682";"07901";"25";"ROAD_CLOSED";"incidentsubtype";"null";"40.718864615271";"-74.365682780743";"Wednesday";"2015-12-09";"20:00:00"
"29683";"07960";"0";"HAZARD";"incidentsubtype";"Madison";"40.766912";"-74.444398";"Wednesday";"2015-12-09";"20:00:00"
"29684";"07202";"36";"ROAD_CLOSED";"incidentsubtype";"null";"40.64420500652098";"-74.209101695423";"Wednesday";"2015-12-09";"20:00:00"
"29685";"07202";"25";"ROAD_CLOSED";"incidentsubtype";"null";"40.644052876863995";"-74.209611315136";"Wednesday";"2015-12-09";"20:00:00"
"29686";"07066";"26";"HAZARD";"incidentsubtype";"null";"40.62061129250234";"-74.2979725192274";"Wednesday";"2015-12-09";"20:00:00"
"29687";"07202";"0";"HAZARD";"incidentsubtype";"null";"40.641244";"-74.206751";"Wednesday";"2015-12-09";"20:00:00"
"29688";"07065";"0";"HAZARD";"incidentsubtype";"null";"40.605891";"-74.27654";"Wednesday";"2015-12-09";"20:00:00"
"29689";"07202";"1";"HAZARD";"incidentsubtype";"null";"40.643127";"-74.211992";"Wednesday";"2015-12-09";"20:00:00"
"29690";"07106";"1";"HAZARD";"incidentsubtype";"null";"40.744517";"-74.211531";"Wednesday";"2015-12-09";"20:00:00"
"29691";"07114";"2";"HAZARD";"incidentsubtype";"null";"40.697168";"-74.187197";"Wednesday";"2015-12-09";"20:00:00"
"29692";"07083";"0";"JAM";"incidentsubtype";"null";"40.70755";"-74.251388";"Wednesday";"2015-12-09";"20:00:00"
"29693";"07081";"0";"HAZARD";"incidentsubtype";"null";"40.712475";"-74.320498";"Wednesday";"2015-12-09";"20:00:00"
"29694";"07042";"0";"HAZARD";"incidentsubtype";"null";"40.810851";"-74.222769";"Wednesday";"2015-12-09";"20:00:00"
"29695";"08901";"7";"HAZARD";"incidentsubtype";"null";"40.486637";"-74.43947";"Wednesday";"2015-12-09";"20:00:00"
"29696";"08902";"1";"POLICE";"incidentsubtype";"null";"40.44464";"-74.485879";"Wednesday";"2015-12-09";"20:00:00"
"29697";"07066";"0";"POLICE";"incidentsubtype";"null";"40.626569";"-74.300931";"Wednesday";"2015-12-09";"20:00:00"
"29698";"07066";"5";"HAZARD";"incidentsubtype";"null";"40.613843";"-74.335866";"Wednesday";"2015-12-09";"20:00:00"
"29699";"07050";"0";"HAZARD";"incidentsubtype";"null";"40.755154";"-74.235975";"Wednesday";"2015-12-09";"20:00:00"
"29700";"07901";"0";"HAZARD";"incidentsubtype";"null";"40.724005";"-74.383701";"Wednesday";"2015-12-09";"20:00:00"
"29701";"07974";"0";"POLICE";"incidentsubtype";"null";"40.679461";"-74.410812";"Wednesday";"2015-12-09";"20:00:00"
"29702";"07960";"3";"HAZARD";"incidentsubtype";"null";"40.784304";"-74.468436";"Wednesday";"2015-12-09";"20:00:00"
"29703";"08816";"0";"HAZARD";"incidentsubtype";"null";"40.469224";"-74.408293";"Wednesday";"2015-12-09";"20:00:00"
"29704";"08901";"1";"HAZARD";"incidentsubtype";"null";"40.497216";"-74.447465";"Wednesday";"2015-12-09";"20:00:00"
"29705";"08861";"1";"HAZARD";"incidentsubtype";"null";"40.536102";"-74.296449";"Wednesday";"2015-12-09";"20:00:00"
"29706";"08859";"3";"HAZARD";"incidentsubtype";"null";"40.45567";"-74.296497";"Wednesday";"2015-12-09";"20:00:00"
"29707";"08816";"0";"POLICE";"incidentsubtype";"null";"40.453509";"-74.399439";"Wednesday";"2015-12-09";"20:00:00"
"29708";"07114";"16";"POLICE";"incidentsubtype";"null";"40.69029";"-74.191847";"Wednesday";"2015-12-09";"20:00:00"
"29709";"07076";"0";"HAZARD";"incidentsubtype";"null";"40.65743719271353";"-74.39959721247362";"Wednesday";"2015-12-09";"20:00:00"
"29710";"07201";"0";"POLICE";"incidentsubtype";"null";"40.683631";"-74.193095";"Wednesday";"2015-12-09";"20:00:00"
"29711";"07066";"1";"POLICE";"incidentsubtype";"null";"40.626428";"-74.303612";"Wednesday";"2015-12-09";"20:00:00"
"29712";"07083";"0";"HAZARD";"incidentsubtype";"null";"40.704586";"-74.294878";"Wednesday";"2015-12-09";"20:00:00"
"29713";"07076";"0";"JAM";"incidentsubtype";"null";"40.651608";"-74.399544";"Wednesday";"2015-12-09";"20:00:00"
"29714";"07960";"22";"HAZARD";"incidentsubtype";"null";"40.79321789219809";"-74.48514973363676";"Wednesday";"2015-12-09";"20:00:00"
"29715";"07039";"2";"POLICE";"incidentsubtype";"null";"40.800184";"-74.341237";"Wednesday";"2015-12-09";"20:00:00"
"29716";"07039";"0";"POLICE";"incidentsubtype";"null";"40.79711";"-74.350726";"Wednesday";"2015-12-09";"20:00:00"
"29717";"08880";"0";"HAZARD";"incidentsubtype";"null";"40.549226";"-74.540334";"Wednesday";"2015-12-09";"20:00:00"
"29718";"07920";"1";"HAZARD";"incidentsubtype";"null";"40.727525";"-74.540737";"Wednesday";"2015-12-09";"20:00:00"
"29719";"07733";"0";"POLICE";"incidentsubtype";"null";"40.400752";"-74.188376";"Wednesday";"2015-12-09";"20:00:00"
"29720";"07733";"1";"HAZARD";"incidentsubtype";"null";"40.402583";"-74.191487";"Wednesday";"2015-12-09";"20:00:00"
"29721";"07733";"1";"HAZARD";"incidentsubtype";"null";"40.399813";"-74.189307";"Wednesday";"2015-12-09";"20:00:00"
"29722";"07733";"0";"HAZARD";"incidentsubtype";"null";"40.404585";"-74.194837";"Wednesday";"2015-12-09";"20:00:00"
"29723";"08816";"22";"HAZARD";"incidentsubtype";"null";"40.419743";"-74.444411";"Wednesday";"2015-12-09";"20:00:00"
"29724";"08817";"0";"HAZARD";"incidentsubtype";"null";"40.495687";"-74.388417";"Wednesday";"2015-12-09";"20:00:00"
"29725";"10309";"4";"HAZARD";"incidentsubtype";"null";"40.525608";"-74.229551";"Wednesday";"2015-12-09";"20:00:00"
"29726";"07067";"5";"HAZARD";"incidentsubtype";"null";"40.591225";"-74.324582";"Wednesday";"2015-12-09";"20:00:00"
"29727";"07747";"0";"HAZARD";"incidentsubtype";"null";"40.448599";"-74.269746";"Wednesday";"2015-12-09";"20:00:00"
"29728";"08878";"1";"POLICE";"incidentsubtype";"null";"40.438526";"-74.258717";"Wednesday";"2015-12-09";"20:00:00"
"29729";"07064";"0";"HAZARD";"incidentsubtype";"null";"40.574227";"-74.249488";"Wednesday";"2015-12-09";"20:00:00"
"29730";"08872";"1";"HAZARD";"incidentsubtype";"null";"40.476218";"-74.299665";"Wednesday";"2015-12-09";"20:00:00"
"29731";"07747";"0";"POLICE";"incidentsubtype";"null";"40.44048";"-74.261966";"Wednesday";"2015-12-09";"20:00:00"
"29732";"08901";"0";"HAZARD";"incidentsubtype";"null";"40.502895";"-74.44581";"Wednesday";"2015-12-09";"20:00:00"
"29733";"07064";"23";"POLICE";"incidentsubtype";"null";"40.57659";"-74.247315";"Wednesday";"2015-12-09";"20:00:00"
"29734";"07069";"0";"POLICE";"incidentsubtype";"null";"40.662027";"-74.432735";"Wednesday";"2015-12-09";"20:00:00"
"29735";"07960";"1";"HAZARD";"incidentsubtype";"null";"40.746449";"-74.529949";"Wednesday";"2015-12-09";"20:00:00"
"29736";"07202";"46";"HAZARD";"incidentsubtype";"null";"40.639758336712426";"-74.2035240000564";"Wednesday";"2015-12-09";"20:00:00"
"29737";"07201";"67";"HAZARD";"incidentsubtype";"null";"40.687099";"-74.192775";"Wednesday";"2015-12-09";"20:00:00"
"29738";"07901";"4";"HAZARD";"incidentsubtype";"null";"40.732463";"-74.352632";"Wednesday";"2015-12-09";"20:00:00"
"29739";"07069";"0";"POLICE";"incidentsubtype";"null";"40.656659";"-74.442465";"Wednesday";"2015-12-09";"20:00:00"
"29740";"07017";"2";"HAZARD";"incidentsubtype";"null";"40.780406";"-74.201023";"Wednesday";"2015-12-09";"20:00:00"
"29741";"07974";"0";"HAZARD";"incidentsubtype";"null";"40.686111";"-74.385144";"Wednesday";"2015-12-09";"20:00:00"
"29742";"07922";"0";"HAZARD";"incidentsubtype";"null";"40.679556";"-74.396956";"Wednesday";"2015-12-09";"20:00:00"
"29743";"07922";"3";"POLICE";"incidentsubtype";"null";"40.675642";"-74.403113";"Wednesday";"2015-12-09";"20:00:00"
"29744";"07201";"0";"POLICE";"incidentsubtype";"Elizabeth";"40.684465";"-74.192685";"Wednesday";"2015-12-09";"20:00:00"
"29745";"07083";"2";"HAZARD";"incidentsubtype";"null";"40.70944166505987";"-74.26135619688861";"Wednesday";"2015-12-09";"20:00:00"
"29746";"07960";"22";"HAZARD";"incidentsubtype";"null";"40.770735";"-74.483841";"Wednesday";"2015-12-09";"20:00:00"
"29747";"07036";"8";"HAZARD";"incidentsubtype";"null";"40.62566";"-74.215981";"Wednesday";"2015-12-09";"20:00:00"
"29748";"07081";"0";"HAZARD";"incidentsubtype";"null";"40.71359";"-74.30529";"Wednesday";"2015-12-09";"20:00:00"
"29749";"07088";"1";"HAZARD";"incidentsubtype";"null";"40.713359";"-74.274289";"Wednesday";"2015-12-09";"20:00:00"
"29750";"07036";"0";"HAZARD";"incidentsubtype";"null";"40.614558";"-74.222473";"Wednesday";"2015-12-09";"20:00:00"
"29751";"07036";"7";"HAZARD";"incidentsubtype";"null";"40.629435";"-74.213256";"Wednesday";"2015-12-09";"20:00:00"
"29752";"07083";"9";"HAZARD";"incidentsubtype";"null";"40.688708";"-74.272124";"Wednesday";"2015-12-09";"20:00:00"
"29753";"07003";"0";"HAZARD";"incidentsubtype";"null";"40.78645";"-74.199437";"Wednesday";"2015-12-09";"20:00:00"
"29754";"07003";"0";"HAZARD";"incidentsubtype";"null";"40.79489";"-74.191806";"Wednesday";"2015-12-09";"20:00:00"
"29755";"07114";"0";"HAZARD";"incidentsubtype";"null";"40.70904";"-74.17991";"Wednesday";"2015-12-09";"20:00:00"
"29756";"null";"11";"HAZARD";"incidentsubtype";"Governors Island";"40.628817";"-74.01693399999999";"Wednesday";"2015-12-09";"20:00:00"
"29757";"11220";"0";"ROAD_CLOSED";"incidentsubtype";"null";"40.637217";"-74.01852099999999";"Wednesday";"2015-12-09";"20:00:00"
"29758";"11220";"3";"ROAD_CLOSED";"incidentsubtype";"null";"40.637217";"-74.018521";"Wednesday";"2015-12-09";"20:00:00"
"29759";"11220";"7";"ROAD_CLOSED";"incidentsubtype";"null";"40.637781";"-74.01793099999999";"Wednesday";"2015-12-09";"20:00:00"
"29760";"11220";"5";"ROAD_CLOSED";"incidentsubtype";"null";"40.6367423536296";"-74.01901080851968";"Wednesday";"2015-12-09";"20:00:00"
"29761";"11232";"1";"POLICE";"incidentsubtype";"null";"40.654206";"-74.004246";"Wednesday";"2015-12-09";"20:00:00"
"29762";"07002";"0";"HAZARD";"incidentsubtype";"null";"40.672365";"-74.103571";"Wednesday";"2015-12-09";"20:00:00"
"29763";"07114";"1";"HAZARD";"incidentsubtype";"Newark";"40.70676021853514";"-74.15208811057127";"Wednesday";"2015-12-09";"20:00:00"
"29764";"07105";"0";"POLICE";"incidentsubtype";"null";"40.721294";"-74.152309";"Wednesday";"2015-12-09";"20:00:00"
"29765";"07305";"0";"HAZARD";"incidentsubtype";"null";"40.702253";"-74.099246";"Wednesday";"2015-12-09";"20:00:00"
"29766";"07029";"5";"ROAD_CLOSED";"incidentsubtype";"null";"40.741469532621";"-74.160035252574";"Wednesday";"2015-12-09";"20:00:00"
"29767";"10041";"59";"ROAD_CLOSED";"incidentsubtype";"null";"40.705996999999996";"-74.005203";"Wednesday";"2015-12-09";"20:00:00"
"29768";"10045";"5";"HAZARD";"incidentsubtype";"null";"40.709665";"-74.015061";"Wednesday";"2015-12-09";"20:00:00"
"29769";"10286";"0";"HAZARD";"incidentsubtype";"null";"40.711418";"-74.015403";"Wednesday";"2015-12-09";"20:00:00"
"29770";"07302";"0";"ROAD_CLOSED";"incidentsubtype";"null";"40.730554";"-74.046348";"Wednesday";"2015-12-09";"20:00:00"
"29771";"07302";"0";"ROAD_CLOSED";"incidentsubtype";"null";"40.730554";"-74.046348";"Wednesday";"2015-12-09";"20:00:00"
"29772";"07302";"3";"POLICE";"incidentsubtype";"null";"40.717633";"-74.056274";"Wednesday";"2015-12-09";"20:00:00"
"29773";"07047";"1";"HAZARD";"incidentsubtype";"null";"40.777886";"-74.045995";"Wednesday";"2015-12-09";"20:00:00"
"29774";"07087";"2";"HAZARD";"incidentsubtype";"null";"40.773687";"-74.03525";"Wednesday";"2015-12-09";"20:00:00"
"29775";"11219";"0";"JAM";"incidentsubtype";"null";"40.631498";"-73.993822";"Wednesday";"2015-12-09";"20:00:00"
"29776";"11226";"0";"POLICE";"incidentsubtype";"null";"40.647629";"-73.962731";"Wednesday";"2015-12-09";"20:00:00"
"29777";"11219";"3";"HAZARD";"incidentsubtype";"null";"40.63892";"-73.991654";"Wednesday";"2015-12-09";"20:00:00"
"29778";"11217";"1";"HAZARD";"incidentsubtype";"null";"40.683413";"-73.984461";"Wednesday";"2015-12-09";"20:00:00"
"29779";"11238";"0";"HAZARD";"incidentsubtype";"null";"40.678472";"-73.972708";"Wednesday";"2015-12-09";"20:00:00"
"29780";"10041";"21";"HAZARD";"incidentsubtype";"null";"40.70579960821787";"-74.00388509325406";"Wednesday";"2015-12-09";"20:00:00"
"29781";"10005";"4";"HAZARD";"incidentsubtype";"null";"40.708639";"-73.998549";"Wednesday";"2015-12-09";"20:00:00"
"29782";"10045";"4";"POLICE";"incidentsubtype";"null";"40.710706";"-74.002813";"Wednesday";"2015-12-09";"20:00:00"
"29783";"11201";"2";"HAZARD";"incidentsubtype";"null";"40.697295";"-73.981158";"Wednesday";"2015-12-09";"20:00:00"
"29784";"11201";"0";"JAM";"incidentsubtype";"null";"40.700213";"-73.990052";"Wednesday";"2015-12-09";"20:00:00"
"29785";"11205";"0";"JAM";"incidentsubtype";"null";"40.696374";"-73.963169";"Wednesday";"2015-12-09";"20:00:00"
"29786";"11201";"0";"POLICE";"incidentsubtype";"null";"40.701306";"-73.98173";"Wednesday";"2015-12-09";"20:00:00"
"29787";"11201";"0";"POLICE";"incidentsubtype";"null";"40.697278";"-73.983133";"Wednesday";"2015-12-09";"20:00:00"
"29788";"10045";"0";"JAM";"incidentsubtype";"null";"40.710855";"-74.002973";"Wednesday";"2015-12-09";"20:00:00"
"29789";"11201";"0";"JAM";"incidentsubtype";"null";"40.701245";"-73.988649";"Wednesday";"2015-12-09";"20:00:00"
"29790";"11201";"0";"JAM";"incidentsubtype";"null";"40.699947";"-73.990589";"Wednesday";"2015-12-09";"20:00:00"
"29791";"11211";"0";"HAZARD";"incidentsubtype";"null";"40.707666";"-73.962555";"Wednesday";"2015-12-09";"20:00:00"
"29792";"10038";"16";"ROAD_CLOSED";"incidentsubtype";"null";"40.715801572326995";"-73.99491996941289";"Wednesday";"2015-12-09";"20:00:00"
"29793";"10009";"35";"ROAD_CLOSED";"incidentsubtype";"null";"40.72483625911422";"-73.97516048862289";"Wednesday";"2015-12-09";"20:00:00"
"29794";"10007";"191";"ROAD_CLOSED";"incidentsubtype";"null";"40.71617432587401";"-73.996111807376";"Wednesday";"2015-12-09";"20:00:00"
"29795";"10009";"0";"ROAD_CLOSED";"incidentsubtype";"null";"40.72607417187983";"-73.97425256087081";"Wednesday";"2015-12-09";"20:00:00"
"29796";"10009";"0";"ROAD_CLOSED";"incidentsubtype";"null";"40.726238382150385";"-73.97413837488254";"Wednesday";"2015-12-09";"20:00:00"
"29797";"10012";"1";"JAM";"incidentsubtype";"null";"40.73372";"-73.998135";"Wednesday";"2015-12-09";"20:00:00"
"29798";"10012";"0";"POLICE";"incidentsubtype";"null";"40.717225";"-73.995327";"Wednesday";"2015-12-09";"20:00:00"
"29799";"10011";"0";"JAM";"incidentsubtype";"null";"40.731836";"-73.995375";"Wednesday";"2015-12-09";"20:00:00"
"29800";"11211";"0";"JAM";"incidentsubtype";"null";"40.714893";"-73.95664";"Wednesday";"2015-12-09";"20:00:00"
"29801";"11211";"0";"JAM";"incidentsubtype";"null";"40.714383";"-73.95764";"Wednesday";"2015-12-09";"20:00:00"
"29802";"11211";"0";"JAM";"incidentsubtype";"null";"40.712576";"-73.958804";"Wednesday";"2015-12-09";"20:00:00"
"29803";"11211";"0";"JAM";"incidentsubtype";"null";"40.711259";"-73.959636";"Wednesday";"2015-12-09";"20:00:00"
"29804";"11211";"0";"JAM";"incidentsubtype";"null";"40.710993";"-73.955744";"Wednesday";"2015-12-09";"20:00:00"
"29805";"11211";"0";"JAM";"incidentsubtype";"null";"40.716013";"-73.957764";"Wednesday";"2015-12-09";"20:00:00"
"29806";"10003";"0";"JAM";"incidentsubtype";"null";"40.739207";"-73.991659";"Wednesday";"2015-12-09";"20:00:00"
"29807";"10121";"0";"JAM";"incidentsubtype";"null";"40.744022";"-73.989552";"Wednesday";"2015-12-09";"20:00:00"
"29808";"10001";"0";"JAM";"incidentsubtype";"null";"40.740071";"-74.00114";"Wednesday";"2015-12-09";"20:00:00"
"29809";"10003";"0";"JAM";"incidentsubtype";"null";"40.739207";"-73.989835";"Wednesday";"2015-12-09";"20:00:00"
"29810";"10120";"1";"HAZARD";"incidentsubtype";"null";"40.755596";"-73.99181";"Wednesday";"2015-12-09";"20:00:00"
"29811";"10098";"1";"HAZARD";"incidentsubtype";"null";"40.75127";"-73.985379";"Wednesday";"2015-12-09";"20:00:00"
"29812";"10121";"14";"HAZARD";"incidentsubtype";"null";"40.7539225282416";"-73.99964373094983";"Wednesday";"2015-12-09";"20:00:00"
"29813";"10168";"0";"ACCIDENT";"incidentsubtype";"null";"40.745333";"-73.970446";"Wednesday";"2015-12-09";"20:00:00"
"29814";"10168";"0";"JAM";"incidentsubtype";"null";"40.748171";"-73.979957";"Wednesday";"2015-12-09";"20:00:00"
"29815";"10158";"0";"JAM";"incidentsubtype";"null";"40.742457";"-73.972595";"Wednesday";"2015-12-09";"20:00:00"
"29816";"10095";"0";"JAM";"incidentsubtype";"null";"40.742912";"-73.981176";"Wednesday";"2015-12-09";"20:00:00"
"29817";"10158";"0";"JAM";"incidentsubtype";"null";"40.740776";"-73.974182";"Wednesday";"2015-12-09";"20:00:00"
"29818";"10158";"0";"HAZARD";"incidentsubtype";"null";"40.740776";"-73.974182";"Wednesday";"2015-12-09";"20:00:00"
"29819";"10175";"12";"ROAD_CLOSED";"incidentsubtype";"null";"40.752416";"-73.97837";"Wednesday";"2015-12-09";"20:00:00"
"29820";"10167";"0";"JAM";"incidentsubtype";"null";"40.752284";"-73.9673";"Wednesday";"2015-12-09";"20:00:00"
"29821";"10174";"0";"JAM";"incidentsubtype";"null";"40.749408";"-73.977123";"Wednesday";"2015-12-09";"20:00:00"
"29822";"10174";"0";"JAM";"incidentsubtype";"null";"40.749596";"-73.977569";"Wednesday";"2015-12-09";"20:00:00"
"29823";"10017";"0";"JAM";"incidentsubtype";"null";"40.755994";"-73.961487";"Wednesday";"2015-12-09";"20:00:00"
"29824";"10158";"0";"JAM";"incidentsubtype";"null";"40.750629";"-73.978121";"Wednesday";"2015-12-09";"20:00:00"
"29825";"10154";"0";"JAM";"incidentsubtype";"null";"40.756339";"-73.96615";"Wednesday";"2015-12-09";"20:00:00"
"29826";"10104";"0";"POLICE";"incidentsubtype";"null";"40.768102";"-73.984049";"Wednesday";"2015-12-09";"20:00:00"
"29827";"10105";"0";"JAM";"incidentsubtype";"null";"40.769822";"-73.984253";"Wednesday";"2015-12-09";"20:00:00"
"29828";"10111";"0";"ROAD_CLOSED";"incidentsubtype";"null";"40.761094";"-73.983263";"Wednesday";"2015-12-09";"20:00:00"
"29829";"10044";"3";"ROAD_CLOSED";"incidentsubtype";"null";"40.760858";"-73.961068";"Wednesday";"2015-12-09";"20:00:00"
"29830";"10044";"4";"ROAD_CLOSED";"incidentsubtype";"null";"40.762115";"-73.96015";"Wednesday";"2015-12-09";"20:00:00"
"29831";"10021";"6";"ROAD_CLOSED";"incidentsubtype";"null";"40.760231";"-73.961522";"Wednesday";"2015-12-09";"20:00:00"
"29832";"10044";"0";"ROAD_CLOSED";"incidentsubtype";"null";"40.762115";"-73.96015";"Wednesday";"2015-12-09";"20:00:00"
"29833";"10154";"0";"JAM";"incidentsubtype";"null";"40.759891";"-73.964591";"Wednesday";"2015-12-09";"20:00:00"
"29834";"10154";"0";"ACCIDENT";"incidentsubtype";"null";"40.759416";"-73.963496";"Wednesday";"2015-12-09";"20:00:00"
"29835";"10021";"2";"JAM";"incidentsubtype";"null";"40.760327";"-73.962128";"Wednesday";"2015-12-09";"20:00:00"
"29836";"10152";"2";"JAM";"incidentsubtype";"null";"40.761473";"-73.962438";"Wednesday";"2015-12-09";"20:00:00"
"29837";"10106";"0";"JAM";"incidentsubtype";"null";"40.76239";"-73.978587";"Wednesday";"2015-12-09";"20:00:00"
"29838";"10151";"0";"JAM";"incidentsubtype";"null";"40.765048";"-73.965167";"Wednesday";"2015-12-09";"20:00:00"
"29839";"10155";"0";"JAM";"incidentsubtype";"null";"40.760893";"-73.957086";"Wednesday";"2015-12-09";"20:00:00"
"29840";"10075";"0";"HAZARD";"incidentsubtype";"null";"40.780714";"-73.954427";"Wednesday";"2015-12-09";"20:00:00"
"29841";"07047";"3";"HAZARD";"incidentsubtype";"null";"40.786144100952505";"-74.01999520007791";"Wednesday";"2015-12-09";"20:00:00"
"29842";"07073";"12";"ROAD_CLOSED";"incidentsubtype";"null";"40.81299406957";"-74.067567020655";"Wednesday";"2015-12-09";"20:00:00"
"29843";"07073";"16";"ROAD_CLOSED";"incidentsubtype";"null";"40.81219397372";"-74.066209448497";"Wednesday";"2015-12-09";"20:00:00"
"29844";"07073";"0";"ROAD_CLOSED";"incidentsubtype";"null";"40.806896594961";"-74.072241574525";"Wednesday";"2015-12-09";"20:00:00"
"29845";"07660";"5";"HAZARD";"incidentsubtype";"Ridgefield Park";"40.843608";"-74.017261";"Wednesday";"2015-12-09";"20:00:00"
"29846";"07013";"1";"JAM";"incidentsubtype";"null";"40.873575";"-74.173976";"Wednesday";"2015-12-09";"20:00:00"
"29847";"07013";"1";"HAZARD";"incidentsubtype";"null";"40.873733";"-74.173796";"Wednesday";"2015-12-09";"20:00:00"
"29848";"07013";"0";"HAZARD";"incidentsubtype";"null";"40.876185";"-74.168209";"Wednesday";"2015-12-09";"20:00:00"
"29849";"07026";"0";"POLICE";"incidentsubtype";"null";"40.887985";"-74.110603";"Wednesday";"2015-12-09";"20:00:00"
"29850";"07026";"0";"HAZARD";"incidentsubtype";"null";"40.888011";"-74.110614";"Wednesday";"2015-12-09";"20:00:00"
"29851";"07514";"4";"HAZARD";"incidentsubtype";"null";"40.92133443510549";"-74.14407949742476";"Wednesday";"2015-12-09";"20:00:00"
"29852";"07514";"2";"HAZARD";"incidentsubtype";"null";"40.92133443510549";"-74.14407949742476";"Wednesday";"2015-12-09";"20:00:00"
"29853";"07661";"0";"POLICE";"incidentsubtype";"null";"40.912654";"-74.035889";"Wednesday";"2015-12-09";"20:00:00"
"29854";"07662";"0";"ROAD_CLOSED";"incidentsubtype";"null";"40.89815811501198";"-74.078674972057";"Wednesday";"2015-12-09";"20:00:00"
"29855";"07662";"0";"ROAD_CLOSED";"incidentsubtype";"null";"40.896473312985";"-74.078601211309";"Wednesday";"2015-12-09";"20:00:00"
"29856";"07607";"1";"ROAD_CLOSED";"incidentsubtype";"null";"40.895852";"-74.063645";"Wednesday";"2015-12-09";"20:00:00"
"29857";"07601";"4";"ROAD_CLOSED";"incidentsubtype";"null";"40.892298";"-74.057411";"Wednesday";"2015-12-09";"20:00:00"
"29858";"07607";"5";"ROAD_CLOSED";"incidentsubtype";"null";"40.895852";"-74.063645";"Wednesday";"2015-12-09";"20:00:00"
"29859";"07601";"0";"ROAD_CLOSED";"incidentsubtype";"null";"40.893308999999995";"-74.05921099999999";"Wednesday";"2015-12-09";"20:00:00"
"29860";"07601";"5";"ROAD_CLOSED";"incidentsubtype";"null";"40.893308999999995";"-74.05921099999999";"Wednesday";"2015-12-09";"20:00:00"
"29861";"07662";"0";"ROAD_CLOSED";"incidentsubtype";"null";"40.89815811501198";"-74.078674972057";"Wednesday";"2015-12-09";"20:00:00"
"29862";"07662";"3";"ROAD_CLOSED";"incidentsubtype";"null";"40.90003445953996";"-74.07851940393405";"Wednesday";"2015-12-09";"20:00:00"
"29863";"07662";"0";"ROAD_CLOSED";"incidentsubtype";"null";"40.89983417878511";"-74.07853771505732";"Wednesday";"2015-12-09";"20:00:00"
"29864";"07662";"0";"ROAD_CLOSED";"incidentsubtype";"null";"40.896473312985";"-74.078601211309";"Wednesday";"2015-12-09";"20:00:00"
"29865";"07662";"1";"ROAD_CLOSED";"incidentsubtype";"null";"40.899286360971";"-74.078587800263";"Wednesday";"2015-12-09";"20:00:00"
"29866";"07662";"1";"ROAD_CLOSED";"incidentsubtype";"null";"40.89983417878511";"-74.07853771505732";"Wednesday";"2015-12-09";"20:00:00"
"29867";"07662";"0";"ROAD_CLOSED";"incidentsubtype";"null";"40.899286360971";"-74.078587800263";"Wednesday";"2015-12-09";"20:00:00"
"29868";"07662";"0";"ROAD_CLOSED";"incidentsubtype";"null";"40.89753569615701";"-74.078644126653";"Wednesday";"2015-12-09";"20:00:00"
"29869";"07662";"3";"ROAD_CLOSED";"incidentsubtype";"null";"40.89503916890801";"-74.078543051242";"Wednesday";"2015-12-09";"20:00:00"
"29870";"07662";"0";"ROAD_CLOSED";"incidentsubtype";"null";"40.89753569615701";"-74.078644126653";"Wednesday";"2015-12-09";"20:00:00"
"29871";"07666";"0";"HAZARD";"incidentsubtype";"null";"40.900887";"-74.008957";"Wednesday";"2015-12-09";"20:00:00"
"29872";"07024";"1";"POLICE";"incidentsubtype";"null";"40.852875";"-73.964041";"Wednesday";"2015-12-09";"20:00:00"
"29873";"07022";"0";"JAM";"incidentsubtype";"null";"40.815045";"-73.993245";"Wednesday";"2015-12-09";"20:00:00"
"29874";"07024";"0";"ACCIDENT";"incidentsubtype";"null";"40.853597";"-73.964277";"Wednesday";"2015-12-09";"20:00:00"
"29875";"07024";"0";"JAM";"incidentsubtype";"null";"40.852875";"-73.964041";"Wednesday";"2015-12-09";"20:00:00"
"29876";"07024";"0";"JAM";"incidentsubtype";"null";"40.858347";"-73.973906";"Wednesday";"2015-12-09";"20:00:00"
"29877";"07024";"0";"JAM";"incidentsubtype";"null";"40.859389";"-73.974637";"Wednesday";"2015-12-09";"20:00:00"
"29878";"07024";"0";"JAM";"incidentsubtype";"null";"40.861812";"-73.973794";"Wednesday";"2015-12-09";"20:00:00"
"29879";"07002";"7";"HAZARD";"incidentsubtype";"null";"40.679169834632106";"-74.10537098623195";"Wednesday";"2015-12-09";"20:00:00"
"29880";"11220";"0";"POLICE";"incidentsubtype";"null";"40.635541";"-74.009637";"Wednesday";"2015-12-09";"20:00:00"
"29881";"07002";"0";"HAZARD";"incidentsubtype";"null";"40.679451";"-74.101828";"Wednesday";"2015-12-09";"20:00:00"
"29882";"07002";"0";"HAZARD";"incidentsubtype";"null";"40.680879";"-74.100614";"Wednesday";"2015-12-09";"20:00:00"
"29883";"07002";"0";"HAZARD";"incidentsubtype";"null";"40.686217";"-74.102708";"Wednesday";"2015-12-09";"20:00:00"
"29884";"07002";"0";"HAZARD";"incidentsubtype";"null";"40.687154";"-74.101909";"Wednesday";"2015-12-09";"20:00:00"
"29885";"11220";"3";"HAZARD";"incidentsubtype";"null";"40.64049526978414";"-74.0224784814348";"Wednesday";"2015-12-09";"20:00:00"
"29886";"07310";"0";"HAZARD";"incidentsubtype";"null";"40.728036";"-74.041408";"Wednesday";"2015-12-09";"20:00:00"
"29887";"07094";"0";"HAZARD";"incidentsubtype";"null";"40.761957";"-74.072614";"Wednesday";"2015-12-09";"20:00:00"
"29888";"10271";"11";"HAZARD";"incidentsubtype";"null";"40.70336050835639";"-74.00775040674448";"Wednesday";"2015-12-09";"20:00:00"
"29889";"07030";"0";"POLICE";"incidentsubtype";"null";"40.753622";"-74.029774";"Wednesday";"2015-12-09";"20:00:00"
"29890";"07310";"1";"ACCIDENT";"incidentsubtype";"null";"40.734932";"-74.043973";"Wednesday";"2015-12-09";"20:00:00"
"29891";"07310";"1";"POLICE";"incidentsubtype";"null";"40.735456";"-74.043893";"Wednesday";"2015-12-09";"20:00:00"
"29892";"10011";"0";"JAM";"incidentsubtype";"null";"40.73361";"-74.004377";"Wednesday";"2015-12-09";"20:00:00"
"29893";"07302";"4";"HAZARD";"incidentsubtype";"null";"40.719864";"-74.051795";"Wednesday";"2015-12-09";"20:00:00"
"29894";"11218";"5";"HAZARD";"incidentsubtype";"null";"40.639862";"-73.97919";"Wednesday";"2015-12-09";"20:00:00"
"29895";"10278";"0";"JAM";"incidentsubtype";"null";"40.722404";"-73.997435";"Wednesday";"2015-12-09";"20:00:00"
"29896";"10011";"0";"JAM";"incidentsubtype";"null";"40.73703";"-73.988678";"Wednesday";"2015-12-09";"20:00:00"
"29897";"10003";"0";"JAM";"incidentsubtype";"null";"40.737043";"-73.996085";"Wednesday";"2015-12-09";"20:00:00"
"29898";"10002";"41";"HAZARD";"incidentsubtype";"null";"40.721789594158444";"-73.98464924454834";"Wednesday";"2015-12-09";"20:00:00"
"29899";"10002";"0";"JAM";"incidentsubtype";"null";"40.721046";"-73.994063";"Wednesday";"2015-12-09";"20:00:00"
"29900";"10154";"0";"JAM";"incidentsubtype";"null";"40.758389";"-73.963115";"Wednesday";"2015-12-09";"20:00:00"
"29901";"10173";"0";"JAM";"incidentsubtype";"null";"40.752387";"-73.981683";"Wednesday";"2015-12-09";"20:00:00"
"29902";"10011";"0";"JAM";"incidentsubtype";"null";"40.737332";"-73.988457";"Wednesday";"2015-12-09";"20:00:00"
"29903";"10118";"1";"JAM";"incidentsubtype";"null";"40.740587";"-73.986079";"Wednesday";"2015-12-09";"20:00:00"
"29904";"10044";"0";"JAM";"incidentsubtype";"null";"40.757367";"-73.960678";"Wednesday";"2015-12-09";"20:00:00"
"29905";"10065";"0";"JAM";"incidentsubtype";"null";"40.757039";"-73.960898";"Wednesday";"2015-12-09";"20:00:00"
"29906";"10171";"0";"JAM";"incidentsubtype";"null";"40.757879";"-73.965934";"Wednesday";"2015-12-09";"20:00:00"
"29907";"10118";"0";"JAM";"incidentsubtype";"null";"40.741869";"-73.985138";"Wednesday";"2015-12-09";"20:00:00"
"29908";"10095";"0";"JAM";"incidentsubtype";"null";"40.746929";"-73.981292";"Wednesday";"2015-12-09";"20:00:00"
"29909";"10168";"1";"JAM";"incidentsubtype";"null";"40.74992";"-73.981389";"Wednesday";"2015-12-09";"20:00:00"
"29910";"10175";"0";"HAZARD";"incidentsubtype";"null";"40.752467";"-73.97953";"Wednesday";"2015-12-09";"20:00:00"
"29911";"10044";"0";"JAM";"incidentsubtype";"null";"40.757677";"-73.960443";"Wednesday";"2015-12-09";"20:00:00"
"29912";"10118";"0";"JAM";"incidentsubtype";"null";"40.741213";"-73.985618";"Wednesday";"2015-12-09";"20:00:00"
"29913";"10154";"0";"JAM";"incidentsubtype";"null";"40.758269";"-73.962829";"Wednesday";"2015-12-09";"20:00:00"
"29914";"10152";"0";"JAM";"incidentsubtype";"null";"40.762443";"-73.972248";"Wednesday";"2015-12-09";"20:00:00"
"29915";"10021";"1";"JAM";"incidentsubtype";"null";"40.775293";"-73.964967";"Wednesday";"2015-12-09";"20:00:00"
"29916";"10152";"3";"HAZARD";"incidentsubtype";"null";"40.765266";"-73.968082";"Wednesday";"2015-12-09";"20:00:00"
"29917";"10044";"0";"JAM";"incidentsubtype";"null";"40.758697";"-73.959697";"Wednesday";"2015-12-09";"20:00:00"
"29918";"10025";"1";"POLICE";"incidentsubtype";"null";"40.795488";"-73.973753";"Wednesday";"2015-12-09";"20:00:00"
"29919";"07631";"3";"HAZARD";"incidentsubtype";"null";"40.876907";"-73.977";"Wednesday";"2015-12-09";"20:00:00"
"29920";"07601";"0";"POLICE";"incidentsubtype";"null";"40.87499";"-74.059946";"Wednesday";"2015-12-09";"20:00:00"
"29921";"07607";"3";"ROAD_CLOSED";"incidentsubtype";"null";"40.896744";"-74.065215";"Wednesday";"2015-12-09";"20:00:00"
"29922";"07652";"0";"HAZARD";"incidentsubtype";"null";"40.924238";"-74.088754";"Wednesday";"2015-12-09";"20:00:00"
"29923";"07662";"0";"HAZARD";"incidentsubtype";"null";"40.917824";"-74.084551";"Wednesday";"2015-12-09";"20:00:00"
"29924";"07013";"2";"HAZARD";"incidentsubtype";"null";"40.87345044865265";"-74.16844567745427";"Wednesday";"2015-12-09";"20:00:00"
"29925";"07013";"1";"HAZARD";"incidentsubtype";"null";"40.87335878148966";"-74.17499658757755";"Wednesday";"2015-12-09";"20:00:00"
"29926";"07652";"1";"HAZARD";"incidentsubtype";"null";"40.92327";"-74.087646";"Wednesday";"2015-12-09";"20:00:00"
"29927";"07666";"0";"POLICE";"incidentsubtype";"null";"40.890118";"-74.025035";"Wednesday";"2015-12-09";"20:00:00"
"29928";"10031";"0";"HAZARD";"incidentsubtype";"null";"40.825541";"-73.953348";"Wednesday";"2015-12-09";"20:00:00"
"29929";"07649";"0";"POLICE";"incidentsubtype";"null";"40.96081";"-74.032965";"Wednesday";"2015-12-09";"20:00:00"
"29930";"11219";"0";"JAM";"incidentsubtype";"null";"40.629646";"-74.0107";"Wednesday";"2015-12-09";"20:00:00"
"29931";"11220";"0";"POLICE";"incidentsubtype";"null";"40.645925";"-74.020218";"Wednesday";"2015-12-09";"20:00:00"
"29932";"07102";"2";"ACCIDENT";"incidentsubtype";"null";"40.730799";"-74.174854";"Wednesday";"2015-12-09";"20:00:00"
"29933";"07102";"1";"ACCIDENT";"incidentsubtype";"null";"40.731126";"-74.174669";"Wednesday";"2015-12-09";"20:00:00"
"29934";"07102";"1";"POLICE";"incidentsubtype";"null";"40.723526";"-74.17593";"Wednesday";"2015-12-09";"20:00:00"
"29935";"07114";"1";"HAZARD";"incidentsubtype";"null";"40.708672";"-74.176328";"Wednesday";"2015-12-09";"20:00:00"
"29936";"07305";"3";"HAZARD";"incidentsubtype";"null";"40.719377";"-74.093745";"Wednesday";"2015-12-09";"20:00:00"
"29937";"07102";"6";"HAZARD";"incidentsubtype";"null";"40.744964079555";"-74.167139008649";"Wednesday";"2015-12-09";"20:00:00"
"29938";"07104";"2";"HAZARD";"incidentsubtype";"null";"40.75038678373951";"-74.16796081508359";"Wednesday";"2015-12-09";"20:00:00"
"29939";"10271";"103";"HAZARD";"incidentsubtype";"null";"40.7120395180664";"-74.010132444104";"Wednesday";"2015-12-09";"20:00:00"
"29940";"10048";"27";"HAZARD";"incidentsubtype";"null";"40.70903094130853";"-74.01212441709532";"Wednesday";"2015-12-09";"20:00:00"
"29941";"10281";"4";"POLICE";"incidentsubtype";"null";"40.718748";"-74.012368";"Wednesday";"2015-12-09";"20:00:00"
"29942";"10014";"1";"JAM";"incidentsubtype";"null";"40.731725";"-74.010561";"Wednesday";"2015-12-09";"20:00:00"
"29943";"10014";"0";"JAM";"incidentsubtype";"null";"40.729113";"-74.010561";"Wednesday";"2015-12-09";"20:00:00"
"29944";"10007";"0";"HAZARD";"incidentsubtype";"null";"40.722822";"-74.006685";"Wednesday";"2015-12-09";"20:00:00"
"29945";"07310";"7";"POLICE";"incidentsubtype";"null";"40.731736";"-74.041583";"Wednesday";"2015-12-09";"20:00:00"
"29946";"07310";"1";"HAZARD";"incidentsubtype";"null";"40.731781";"-74.042089";"Wednesday";"2015-12-09";"20:00:00"
"29947";"07310";"26";"HAZARD";"incidentsubtype";"null";"40.732835";"-74.053735";"Wednesday";"2015-12-09";"20:00:00"
"29948";"07310";"1";"HAZARD";"incidentsubtype";"null";"40.731882";"-74.043168";"Wednesday";"2015-12-09";"20:00:00"
"29949";"07310";"1";"POLICE";"incidentsubtype";"null";"40.731998";"-74.044556";"Wednesday";"2015-12-09";"20:00:00"
"29950";"10281";"0";"JAM";"incidentsubtype";"null";"40.710202";"-74.014933";"Wednesday";"2015-12-09";"20:00:00"
"29951";"10271";"2";"HAZARD";"incidentsubtype";"null";"40.704803404646874";"-74.01641009650517";"Wednesday";"2015-12-09";"20:00:00"
"29952";"10285";"0";"JAM";"incidentsubtype";"null";"40.712886";"-74.014385";"Wednesday";"2015-12-09";"20:00:00"
"29953";"10048";"0";"JAM";"incidentsubtype";"null";"40.718227";"-74.012757";"Wednesday";"2015-12-09";"20:00:00"
"29954";"07309";"0";"HAZARD";"incidentsubtype";"null";"40.73993184215086";"-74.0805395779767";"Wednesday";"2015-12-09";"20:00:00"
"29955";"11233";"0";"HAZARD";"incidentsubtype";"null";"40.676123";"-73.921766";"Wednesday";"2015-12-09";"20:00:00"
"29956";"11239";"0";"HAZARD";"incidentsubtype";"null";"40.647467";"-73.885726";"Wednesday";"2015-12-09";"20:00:00"
"29957";"11208";"0";"POLICE";"incidentsubtype";"null";"40.673204";"-73.876777";"Wednesday";"2015-12-09";"20:00:00"
"29958";"11207";"0";"POLICE";"incidentsubtype";"null";"40.667911";"-73.904996";"Wednesday";"2015-12-09";"20:00:00"
"29959";"11207";"0";"HAZARD";"incidentsubtype";"null";"40.68256";"-73.886498";"Wednesday";"2015-12-09";"20:00:00"
"29960";"11378";"0";"JAM";"incidentsubtype";"null";"40.732315";"-73.920031";"Wednesday";"2015-12-09";"20:00:00"
"29961";"11378";"0";"HAZARD";"incidentsubtype";"null";"40.732156";"-73.919476";"Wednesday";"2015-12-09";"20:00:00"
"29962";"11385";"11";"ROAD_CLOSED";"incidentsubtype";"null";"40.70392044995574";"-73.89094367089407";"Wednesday";"2015-12-09";"20:00:00"
"29963";"11385";"14";"ROAD_CLOSED";"incidentsubtype";"null";"40.70429000000001";"-73.891831";"Wednesday";"2015-12-09";"20:00:00"
"29964";"11418";"0";"HAZARD";"incidentsubtype";"null";"40.696214";"-73.838786";"Wednesday";"2015-12-09";"20:00:00"
"29965";"11375";"0";"JAM";"incidentsubtype";"Forest hills";"40.716729";"-73.829788";"Wednesday";"2015-12-09";"20:00:00"
"29966";"11374";"1";"POLICE";"incidentsubtype";"null";"40.7346";"-73.86174";"Wednesday";"2015-12-09";"20:00:00"
"29967";"11378";"0";"POLICE";"incidentsubtype";"null";"40.724499";"-73.887073";"Wednesday";"2015-12-09";"20:00:00"
"29968";"11379";"1";"HAZARD";"incidentsubtype";"null";"40.724635";"-73.886948";"Wednesday";"2015-12-09";"20:00:00"
"29969";"11373";"1";"HAZARD";"incidentsubtype";"null";"40.728571";"-73.880515";"Wednesday";"2015-12-09";"20:00:00"
"29970";"11368";"150";"ROAD_CLOSED";"incidentsubtype";"null";"40.745474";"-73.86608799999999";"Wednesday";"2015-12-09";"20:00:00"
"29971";"11371";"0";"JAM";"incidentsubtype";"null";"40.770344";"-73.879682";"Wednesday";"2015-12-09";"20:00:00"
"29972";"11367";"1";"HAZARD";"incidentsubtype";"null";"40.738441";"-73.844944";"Wednesday";"2015-12-09";"20:00:00"
"29973";"11354";"0";"HAZARD";"incidentsubtype";"null";"40.774349";"-73.838656";"Wednesday";"2015-12-09";"20:00:00"
"29974";"11354";"0";"POLICE";"incidentsubtype";"null";"40.770435";"-73.835671";"Wednesday";"2015-12-09";"20:00:00"
"29975";"11430";"8";"ROAD_CLOSED";"incidentsubtype";"null";"40.661121412082686";"-73.82209846003708";"Wednesday";"2015-12-09";"20:00:00"
"29976";"11430";"85";"ROAD_CLOSED";"incidentsubtype";"null";"40.661319101815";"-73.813368018391";"Wednesday";"2015-12-09";"20:00:00"
"29977";"11430";"81";"ROAD_CLOSED";"incidentsubtype";"null";"40.660635";"-73.823958";"Wednesday";"2015-12-09";"20:00:00"
"29978";"11434";"0";"HAZARD";"incidentsubtype";"null";"40.673088";"-73.783115";"Wednesday";"2015-12-09";"20:00:00"
"29979";"11413";"0";"HAZARD";"incidentsubtype";"null";"40.659424";"-73.761505";"Wednesday";"2015-12-09";"20:00:00"
"29980";"11413";"0";"HAZARD";"incidentsubtype";"null";"40.659153";"-73.757615";"Wednesday";"2015-12-09";"20:00:00"
"29981";"11434";"1";"HAZARD";"incidentsubtype";"null";"40.671723";"-73.763424";"Wednesday";"2015-12-09";"20:00:00"
"29982";"11413";"1";"HAZARD";"incidentsubtype";"null";"40.672316";"-73.760258";"Wednesday";"2015-12-09";"20:00:00"
"29983";"11413";"0";"HAZARD";"incidentsubtype";"null";"40.657602";"-73.748564";"Wednesday";"2015-12-09";"20:00:00"
"29984";"11422";"0";"HAZARD";"incidentsubtype";"null";"40.654241";"-73.728295";"Wednesday";"2015-12-09";"20:00:00"
"29985";"11415";"24";"HAZARD";"incidentsubtype";"Fresh Meadows";"40.70911928516958";"-73.81908594363355";"Wednesday";"2015-12-09";"20:00:00"
"29986";"11415";"47";"HAZARD";"incidentsubtype";"Fresh Meadows";"40.71005901444437";"-73.82083966399694";"Wednesday";"2015-12-09";"20:00:00"
"29987";"11415";"12";"HAZARD";"incidentsubtype";"null";"40.70916700372191";"-73.81886121478475";"Wednesday";"2015-12-09";"20:00:00"
"29988";"11433";"0";"POLICE";"incidentsubtype";"null";"40.700842";"-73.774992";"Wednesday";"2015-12-09";"20:00:00"
"29989";"11423";"0";"HAZARD";"incidentsubtype";"null";"40.722634";"-73.764139";"Wednesday";"2015-12-09";"20:00:00"
"29990";"11435";"0";"JAM";"incidentsubtype";"null";"40.715878";"-73.81808";"Wednesday";"2015-12-09";"20:00:00"
"29991";"11366";"0";"HAZARD";"incidentsubtype";"null";"40.726579";"-73.772506";"Wednesday";"2015-12-09";"20:00:00"
"29992";"11366";"0";"HAZARD";"incidentsubtype";"null";"40.727046";"-73.767738";"Wednesday";"2015-12-09";"20:00:00"
"29993";"11020";"0";"HAZARD";"incidentsubtype";"null";"40.773998";"-73.732141";"Wednesday";"2015-12-09";"20:00:00"
"29994";"11364";"2";"HAZARD";"incidentsubtype";"null";"40.745682";"-73.771868";"Wednesday";"2015-12-09";"20:00:00"
"29995";"11365";"0";"HAZARD";"incidentsubtype";"null";"40.743977";"-73.794822";"Wednesday";"2015-12-09";"20:00:00"
"29996";"11362";"8";"HAZARD";"incidentsubtype";"null";"40.756048";"-73.745293";"Wednesday";"2015-12-09";"20:00:00"
"29997";"10462";"1";"HAZARD";"incidentsubtype";"null";"40.832178";"-73.856199";"Wednesday";"2015-12-09";"20:00:00"
"29998";"10457";"5";"HAZARD";"incidentsubtype";"null";"40.844962";"-73.902679";"Wednesday";"2015-12-09";"20:00:00"
"29999";"10472";"0";"POLICE";"incidentsubtype";"null";"40.832533";"-73.869604";"Wednesday";"2015-12-09";"20:00:00"
"30000";"10458";"2";"HAZARD";"incidentsubtype";"null";"40.866338";"-73.89458";"Wednesday";"2015-12-09";"20:00:00"
"30001";"10035";"0";"POLICE";"incidentsubtype";"null";"40.797042";"-73.919714";"Wednesday";"2015-12-09";"20:00:00"
"30002";"10472";"0";"POLICE";"incidentsubtype";"null";"40.834579";"-73.869894";"Wednesday";"2015-12-09";"20:00:00"
"30003";"10400";"0";"POLICE";"incidentsubtype";"null";"40.844897";"-73.867684";"Wednesday";"2015-12-09";"20:00:00"
"30004";"10701";"0";"HAZARD";"incidentsubtype";"Yonkers";"40.94504390621541";"-73.8542306419878";"Wednesday";"2015-12-09";"20:00:00"
"30005";"10705";"0";"POLICE";"incidentsubtype";"null";"40.910239";"-73.891828";"Wednesday";"2015-12-09";"20:00:00"
"30006";"10710";"1";"HAZARD";"incidentsubtype";"null";"40.965199";"-73.858337";"Wednesday";"2015-12-09";"20:00:00"
"30007";"10502";"0";"HAZARD";"incidentsubtype";"null";"41.014984";"-73.849356";"Wednesday";"2015-12-09";"20:00:00"
"30008";"11357";"0";"POLICE";"incidentsubtype";"null";"40.786788";"-73.810065";"Wednesday";"2015-12-09";"20:00:00"
"30009";"10464";"3";"HAZARD";"incidentsubtype";"Pelham Manor";"40.886663496070106";"-73.81534756183937";"Wednesday";"2015-12-09";"20:00:00"
"30010";"10801";"0";"HAZARD";"incidentsubtype";"New Rochelle";"40.92669502210553";"-73.77045000126657";"Wednesday";"2015-12-09";"20:00:00"
"30011";"10465";"0";"POLICE";"incidentsubtype";"null";"40.829309";"-73.81868";"Wednesday";"2015-12-09";"20:00:00"
"30012";"10538";"0";"POLICE";"incidentsubtype";"null";"40.948704";"-73.752808";"Wednesday";"2015-12-09";"20:00:00"
"30013";"10475";"0";"POLICE";"incidentsubtype";"null";"40.874352";"-73.825785";"Wednesday";"2015-12-09";"20:00:00"
"30014";"11357";"1";"HAZARD";"incidentsubtype";"null";"40.789585";"-73.822502";"Wednesday";"2015-12-09";"20:00:00"
"30015";"10601";"0";"POLICE";"incidentsubtype";"null";"41.036191";"-73.757504";"Wednesday";"2015-12-09";"20:00:00"
"30016";"10601";"0";"POLICE";"incidentsubtype";"null";"41.034905";"-73.756834";"Wednesday";"2015-12-09";"20:00:00"
"30017";"10804";"0";"ACCIDENT";"incidentsubtype";"null";"40.973154";"-73.775328";"Wednesday";"2015-12-09";"20:00:00"
"30018";"11233";"1";"POLICE";"incidentsubtype";"null";"40.676574";"-73.921853";"Wednesday";"2015-12-09";"20:00:00"
"30019";"11375";"1";"POLICE";"incidentsubtype";"null";"40.724527";"-73.844398";"Wednesday";"2015-12-09";"20:00:00"
"30020";"11378";"0";"POLICE";"incidentsubtype";"null";"40.728383";"-73.900259";"Wednesday";"2015-12-09";"20:00:00"
"30021";"11354";"0";"HAZARD";"incidentsubtype";"null";"40.768495";"-73.836582";"Wednesday";"2015-12-09";"20:00:00"
"30022";"11413";"0";"HAZARD";"incidentsubtype";"null";"40.672588";"-73.741521";"Wednesday";"2015-12-09";"20:00:00"
"30023";"11432";"0";"JAM";"incidentsubtype";"null";"40.716271";"-73.80172";"Wednesday";"2015-12-09";"20:00:00"
"30024";"11419";"0";"POLICE";"incidentsubtype";"null";"40.685985";"-73.825471";"Wednesday";"2015-12-09";"20:00:00"
"30025";"11432";"1";"JAM";"incidentsubtype";"null";"40.715971";"-73.804017";"Wednesday";"2015-12-09";"20:00:00"
"30026";"11432";"0";"JAM";"incidentsubtype";"null";"40.715697";"-73.809965";"Wednesday";"2015-12-09";"20:00:00"
"30027";"11432";"0";"JAM";"incidentsubtype";"null";"40.715701";"-73.809128";"Wednesday";"2015-12-09";"20:00:00"
"30028";"11439";"0";"ACCIDENT";"incidentsubtype";"null";"40.718106";"-73.794707";"Wednesday";"2015-12-09";"20:00:00"
"30029";"10463";"4";"HAZARD";"incidentsubtype";"null";"40.87805910098986";"-73.89212812742626";"Wednesday";"2015-12-09";"20:00:00"
"30030";"10400";"0";"JAM";"incidentsubtype";"null";"40.844895";"-73.867693";"Wednesday";"2015-12-09";"20:00:00"
"30031";"10400";"0";"ACCIDENT";"incidentsubtype";"null";"40.844895";"-73.867695";"Wednesday";"2015-12-09";"20:00:00"
"30032";"11357";"0";"POLICE";"incidentsubtype";"null";"40.786122";"-73.808363";"Wednesday";"2015-12-09";"20:00:00"
"30033";"11357";"0";"POLICE";"incidentsubtype";"Whitestone";"40.78612";"-73.808353";"Wednesday";"2015-12-09";"20:00:00"
"30034";"10804";"0";"ACCIDENT";"incidentsubtype";"null";"40.970774";"-73.776702";"Wednesday";"2015-12-09";"20:00:00"
"30035";"11385";"0";"JAM";"incidentsubtype";"null";"40.693116";"-73.883609";"Wednesday";"2015-12-09";"20:00:00"
"30036";"11233";"0";"HAZARD";"incidentsubtype";"null";"40.676717";"-73.916388";"Wednesday";"2015-12-09";"20:00:00"
"30037";"11203";"0";"JAM";"incidentsubtype";"null";"40.654173";"-73.922191";"Wednesday";"2015-12-09";"20:00:00"
"30038";"11373";"0";"JAM";"incidentsubtype";"null";"40.728728";"-73.871239";"Wednesday";"2015-12-09";"20:00:00"
"30039";"11374";"0";"JAM";"incidentsubtype";"null";"40.730958";"-73.864849";"Wednesday";"2015-12-09";"20:00:00"
"30040";"11377";"3";"HAZARD";"incidentsubtype";"null";"40.740938";"-73.907735";"Wednesday";"2015-12-09";"20:00:00"
"30041";"11415";"32";"HAZARD";"incidentsubtype";"null";"40.715405";"-73.826048";"Wednesday";"2015-12-09";"20:00:00"
"30042";"11422";"0";"JAM";"incidentsubtype";"null";"40.639672";"-73.742462";"Wednesday";"2015-12-09";"20:00:00"
"30043";"11418";"0";"POLICE";"incidentsubtype";"null";"40.692453";"-73.827218";"Wednesday";"2015-12-09";"20:00:00"
"30044";"11422";"0";"JAM";"incidentsubtype";"null";"40.638941";"-73.741764";"Wednesday";"2015-12-09";"20:00:00"
"30045";"11433";"0";"POLICE";"incidentsubtype";"null";"40.703016";"-73.776447";"Wednesday";"2015-12-09";"20:00:00"
"30046";"11423";"1";"POLICE";"incidentsubtype";"null";"40.713775";"-73.753982";"Wednesday";"2015-12-09";"20:00:00"
"30047";"10473";"2";"HAZARD";"incidentsubtype";"null";"40.824998";"-73.869267";"Wednesday";"2015-12-09";"20:00:00"
"30048";"10458";"0";"HAZARD";"incidentsubtype";"null";"40.867191";"-73.896525";"Wednesday";"2015-12-09";"20:00:00"
"30049";"10400";"0";"JAM";"incidentsubtype";"null";"40.855177";"-73.870101";"Wednesday";"2015-12-09";"20:00:00"
"30050";"10463";"0";"JAM";"incidentsubtype";"null";"40.884637";"-73.9009";"Wednesday";"2015-12-09";"20:00:00"
"30051";"10463";"0";"HAZARD";"incidentsubtype";"null";"40.884636";"-73.900901";"Wednesday";"2015-12-09";"20:00:00"
"30052";"10463";"0";"HAZARD";"incidentsubtype";"null";"40.884636";"-73.900901";"Wednesday";"2015-12-09";"20:00:00"
"30053";"10605";"0";"POLICE";"incidentsubtype";"null";"41.031892";"-73.752828";"Wednesday";"2015-12-09";"20:00:00"
"30054";"10583";"0";"HAZARD";"incidentsubtype";"null";"40.969815264852016";"-73.80705722840965";"Wednesday";"2015-12-09";"20:00:00"
"30055";"10583";"0";"HAZARD";"incidentsubtype";"null";"40.97942211394376";"-73.80125836493376";"Wednesday";"2015-12-09";"20:00:00"
"30056";"11414";"3";"HAZARD";"incidentsubtype";"null";"40.666687";"-73.839352";"Wednesday";"2015-12-09";"20:00:00"
"30057";"11420";"0";"JAM";"incidentsubtype";"null";"40.665597";"-73.831084";"Wednesday";"2015-12-09";"20:00:00"
"30058";"11414";"1";"HAZARD";"incidentsubtype";"null";"40.666637";"-73.840049";"Wednesday";"2015-12-09";"20:00:00"
"30059";"11696";"0";"JAM";"incidentsubtype";"null";"40.646575";"-73.873784";"Wednesday";"2015-12-09";"20:00:00"
"30060";"11368";"4";"JAM";"incidentsubtype";"null";"40.736805";"-73.85415";"Wednesday";"2015-12-09";"20:00:00"
"30061";"11378";"1";"HAZARD";"incidentsubtype";"null";"40.726025";"-73.903241";"Wednesday";"2015-12-09";"20:00:00"
"30062";"11373";"0";"JAM";"incidentsubtype";"null";"40.73129";"-73.872794";"Wednesday";"2015-12-09";"20:00:00"
"30063";"11368";"0";"POLICE";"incidentsubtype";"null";"40.760624";"-73.857512";"Wednesday";"2015-12-09";"20:00:00"
"30064";"11351";"3";"POLICE";"incidentsubtype";"null";"40.774022";"-73.829458";"Wednesday";"2015-12-09";"20:00:00"
"30065";"11370";"0";"JAM";"incidentsubtype";"null";"40.766983";"-73.897519";"Wednesday";"2015-12-09";"20:00:00"
"30066";"11368";"0";"HAZARD";"incidentsubtype";"null";"40.761393";"-73.858906";"Wednesday";"2015-12-09";"20:00:00"
"30067";"11354";"8";"POLICE";"incidentsubtype";"null";"40.770838";"-73.834413";"Wednesday";"2015-12-09";"20:00:00"
"30068";"11355";"0";"POLICE";"incidentsubtype";"null";"40.74283";"-73.828784";"Wednesday";"2015-12-09";"20:00:00"
"30069";"11370";"0";"HAZARD";"incidentsubtype";"null";"40.758157";"-73.899629";"Wednesday";"2015-12-09";"20:00:00"
"30070";"11368";"14";"POLICE";"incidentsubtype";"null";"40.760079";"-73.855932";"Wednesday";"2015-12-09";"20:00:00"
"30071";"11103";"5";"HAZARD";"incidentsubtype";"null";"40.766704";"-73.903887";"Wednesday";"2015-12-09";"20:00:00"
"30072";"11430";"0";"JAM";"incidentsubtype";"null";"40.66658";"-73.807775";"Wednesday";"2015-12-09";"20:00:00"
"30073";"11407";"5";"HAZARD";"incidentsubtype";"null";"40.68709";"-73.807747";"Wednesday";"2015-12-09";"20:00:00"
"30074";"11003";"2";"POLICE";"incidentsubtype";"null";"40.686457";"-73.713773";"Wednesday";"2015-12-09";"20:00:00"
"30075";"11003";"2";"POLICE";"incidentsubtype";"null";"40.684431";"-73.70901";"Wednesday";"2015-12-09";"20:00:00"
"30076";"11434";"1";"POLICE";"incidentsubtype";"null";"40.662041";"-73.779447";"Wednesday";"2015-12-09";"20:00:00"
"30077";"11434";"0";"POLICE";"incidentsubtype";"Laurelton";"40.662582";"-73.780935";"Wednesday";"2015-12-09";"20:00:00"
"30078";"11430";"2";"POLICE";"incidentsubtype";"Brownsville";"40.666471";"-73.804528";"Wednesday";"2015-12-09";"20:00:00"
"30079";"11415";"236";"HAZARD";"incidentsubtype";"null";"40.710811";"-73.82162";"Wednesday";"2015-12-09";"20:00:00"
"30080";"11435";"238";"HAZARD";"incidentsubtype";"null";"40.70245023918603";"-73.81646648537617";"Wednesday";"2015-12-09";"20:00:00"
"30081";"11439";"2";"ACCIDENT";"incidentsubtype";"null";"40.71774";"-73.796666";"Wednesday";"2015-12-09";"20:00:00"
"30082";"11439";"0";"JAM";"incidentsubtype";"Fresh Meadows";"40.717255";"-73.79868";"Wednesday";"2015-12-09";"20:00:00"
"30083";"11366";"0";"JAM";"incidentsubtype";"null";"40.718276";"-73.794946";"Wednesday";"2015-12-09";"20:00:00"
"30084";"11366";"0";"ACCIDENT";"incidentsubtype";"Fresh Meadows";"40.718381";"-73.794973";"Wednesday";"2015-12-09";"20:00:00"
"30085";"11366";"1";"ACCIDENT";"incidentsubtype";"null";"40.718278";"-73.795274";"Wednesday";"2015-12-09";"20:00:00"
"30086";"11427";"2";"POLICE";"incidentsubtype";"null";"40.727411";"-73.753409";"Wednesday";"2015-12-09";"20:00:00"
"30087";"11427";"3";"POLICE";"incidentsubtype";"null";"40.725778";"-73.760768";"Wednesday";"2015-12-09";"20:00:00"
"30088";"11366";"3";"ACCIDENT";"incidentsubtype";"null";"40.718482";"-73.794361";"Wednesday";"2015-12-09";"20:00:00"
"30089";"11427";"0";"POLICE";"incidentsubtype";"null";"40.728637";"-73.751145";"Wednesday";"2015-12-09";"20:00:00"
"30090";"11415";"0";"JAM";"incidentsubtype";"null";"40.714377";"-73.825139";"Wednesday";"2015-12-09";"20:00:00"
"30091";"11439";"1";"JAM";"incidentsubtype";"null";"40.716718";"-73.800196";"Wednesday";"2015-12-09";"20:00:00"
"30092";"11435";"2";"JAM";"incidentsubtype";"null";"40.715841";"-73.8133";"Wednesday";"2015-12-09";"20:00:00"
"30093";"11432";"0";"JAM";"incidentsubtype";"null";"40.71667";"-73.800429";"Wednesday";"2015-12-09";"20:00:00"
"30094";"11427";"1";"POLICE";"incidentsubtype";"null";"40.732674";"-73.746615";"Wednesday";"2015-12-09";"20:00:00"
"30095";"11366";"0";"HAZARD";"incidentsubtype";"null";"40.718999";"-73.792519";"Wednesday";"2015-12-09";"20:00:00"
"30096";"11427";"0";"JAM";"incidentsubtype";"null";"40.725728";"-73.759874";"Wednesday";"2015-12-09";"20:00:00"
"30097";"11435";"0";"JAM";"incidentsubtype";"null";"40.715797";"-73.815083";"Wednesday";"2015-12-09";"20:00:00"
"30098";"11439";"10";"POLICE";"incidentsubtype";"null";"40.717326";"-73.798071";"Wednesday";"2015-12-09";"20:00:00"
"30099";"11367";"2";"JAM";"incidentsubtype";"null";"40.739262";"-73.816503";"Wednesday";"2015-12-09";"20:00:00"
"30100";"11351";"1";"POLICE";"incidentsubtype";"null";"40.779425";"-73.826168";"Wednesday";"2015-12-09";"20:00:00"
"30101";"11364";"0";"JAM";"incidentsubtype";"null";"40.74468";"-73.770405";"Wednesday";"2015-12-09";"20:00:00"
"30102";"11361";"3";"POLICE";"incidentsubtype";"null";"40.765649";"-73.780709";"Wednesday";"2015-12-09";"20:00:00"
"30103";"11351";"2";"POLICE";"incidentsubtype";"null";"40.780299";"-73.82602";"Wednesday";"2015-12-09";"20:00:00"
"30104";"11361";"0";"POLICE";"incidentsubtype";"null";"40.762475";"-73.779021";"Wednesday";"2015-12-09";"20:00:00"
"30105";"11351";"1";"POLICE";"incidentsubtype";"null";"40.77612";"-73.828033";"Wednesday";"2015-12-09";"20:00:00"
"30106";"11364";"0";"HAZARD";"incidentsubtype";"null";"40.748343";"-73.773412";"Wednesday";"2015-12-09";"20:00:00"
"30107";"11355";"0";"HAZARD";"incidentsubtype";"null";"40.74247";"-73.826074";"Wednesday";"2015-12-09";"20:00:00"
"30108";"11003";"0";"JAM";"incidentsubtype";"null";"40.702379";"-73.72711";"Wednesday";"2015-12-09";"20:00:00"
"30109";"11042";"8";"POLICE";"incidentsubtype";"null";"40.760601";"-73.700804";"Wednesday";"2015-12-09";"20:00:00"
"30110";"11427";"0";"JAM";"incidentsubtype";"null";"40.738885";"-73.739698";"Wednesday";"2015-12-09";"20:00:00"
"30111";"11005";"1";"POLICE";"incidentsubtype";"null";"40.759226";"-73.717576";"Wednesday";"2015-12-09";"20:00:00"
"30112";"11362";"0";"POLICE";"incidentsubtype";"null";"40.743361";"-73.732762";"Wednesday";"2015-12-09";"20:00:00"
"30113";"11005";"1";"POLICE";"incidentsubtype";"Lake Success";"40.759421";"-73.709499";"Wednesday";"2015-12-09";"20:00:00"
"30114";"11426";"0";"POLICE";"incidentsubtype";"null";"40.748554";"-73.728464";"Wednesday";"2015-12-09";"20:00:00"
"30115";"10035";"4";"HAZARD";"incidentsubtype";"null";"40.795055";"-73.922089";"Wednesday";"2015-12-09";"20:00:00"
"30116";"10454";"0";"HAZARD";"incidentsubtype";"null";"40.80505";"-73.920276";"Wednesday";"2015-12-09";"20:00:00"
"30117";"10465";"8";"POLICE";"incidentsubtype";"null";"40.813716";"-73.836579";"Wednesday";"2015-12-09";"20:00:00"
"30118";"10453";"13";"HAZARD";"incidentsubtype";"null";"40.845003";"-73.90963";"Wednesday";"2015-12-09";"20:00:00"
"30119";"10400";"5";"POLICE";"incidentsubtype";"Bronx";"40.852758";"-73.871523";"Wednesday";"2015-12-09";"20:00:00"
"30120";"10460";"0";"JAM";"incidentsubtype";"null";"40.842398";"-73.889461";"Wednesday";"2015-12-09";"20:00:00"
"30121";"10400";"2";"POLICE";"incidentsubtype";"null";"40.848926";"-73.871451";"Wednesday";"2015-12-09";"20:00:00"
"30122";"10460";"0";"POLICE";"incidentsubtype";"null";"40.833864";"-73.874059";"Wednesday";"2015-12-09";"20:00:00"
"30123";"10453";"2";"HAZARD";"incidentsubtype";"null";"40.844941";"-73.908508";"Wednesday";"2015-12-09";"20:00:00"
"30124";"10473";"0";"HAZARD";"incidentsubtype";"null";"40.828021";"-73.843297";"Wednesday";"2015-12-09";"20:00:00"
"30125";"10472";"1";"POLICE";"incidentsubtype";"null";"40.829263";"-73.847813";"Wednesday";"2015-12-09";"20:00:00"
"30126";"10460";"0";"POLICE";"incidentsubtype";"null";"40.844089";"-73.871707";"Wednesday";"2015-12-09";"20:00:00"
"30127";"10473";"0";"HAZARD";"incidentsubtype";"null";"40.827442";"-73.848868";"Wednesday";"2015-12-09";"20:00:00"
"30128";"10472";"0";"HAZARD";"incidentsubtype";"null";"40.836536";"-73.875389";"Wednesday";"2015-12-09";"20:00:00"
"30129";"10708";"1";"POLICE";"incidentsubtype";"null";"40.931479";"-73.856361";"Wednesday";"2015-12-09";"20:00:00"
"30130";"10701";"4";"POLICE";"incidentsubtype";"null";"40.934321";"-73.863524";"Wednesday";"2015-12-09";"20:00:00"
"30131";"10704";"0";"POLICE";"incidentsubtype";"Yonkers";"40.934578";"-73.865786";"Wednesday";"2015-12-09";"20:00:00"
"30132";"10706";"2";"POLICE";"incidentsubtype";"null";"40.983225";"-73.853977";"Wednesday";"2015-12-09";"20:00:00"
"30133";"10710";"1";"HAZARD";"incidentsubtype";"null";"40.975221";"-73.858708";"Wednesday";"2015-12-09";"20:00:00"
"30134";"11360";"3";"POLICE";"incidentsubtype";"null";"40.786181";"-73.787786";"Wednesday";"2015-12-09";"20:00:00"
"30135";"10801";"16";"HAZARD";"incidentsubtype";"null";"40.896723881403865";"-73.79752856748598";"Wednesday";"2015-12-09";"20:00:00"
"30136";"10465";"5";"HAZARD";"incidentsubtype";"Bronx";"40.825308";"-73.826326";"Wednesday";"2015-12-09";"20:00:00"
"30137";"10465";"1";"POLICE";"incidentsubtype";"null";"40.830427";"-73.819647";"Wednesday";"2015-12-09";"20:00:00"
"30138";"10461";"1";"HAZARD";"incidentsubtype";"null";"40.852545";"-73.826498";"Wednesday";"2015-12-09";"20:00:00"
"30139";"10801";"1";"HAZARD";"incidentsubtype";"null";"40.903134";"-73.793469";"Wednesday";"2015-12-09";"20:00:00"
"30140";"10464";"2";"HAZARD";"incidentsubtype";"null";"40.8862";"-73.807786";"Wednesday";"2015-12-09";"20:00:00"
"30141";"10465";"11";"HAZARD";"incidentsubtype";"null";"40.824311";"-73.823806";"Wednesday";"2015-12-09";"20:00:00"
"30142";"10543";"23";"HAZARD";"incidentsubtype";"null";"40.95178751794864";"-73.7455190270778";"Wednesday";"2015-12-09";"20:00:00"
"30143";"10465";"1";"HAZARD";"incidentsubtype";"null";"40.825006";"-73.816175";"Wednesday";"2015-12-09";"20:00:00"
"30144";"10708";"0";"POLICE";"incidentsubtype";"null";"40.937032";"-73.807024";"Wednesday";"2015-12-09";"20:00:00"
"30145";"10802";"0";"POLICE";"incidentsubtype";"null";"40.943733";"-73.80187";"Wednesday";"2015-12-09";"20:00:00"
"30146";"10465";"0";"JAM";"incidentsubtype";"null";"40.817908";"-73.805239";"Wednesday";"2015-12-09";"20:00:00"
"30147";"11357";"0";"POLICE";"incidentsubtype";"null";"40.787115";"-73.812265";"Wednesday";"2015-12-09";"20:00:00"
"30148";"10465";"3";"POLICE";"incidentsubtype";"null";"40.82793";"-73.817606";"Wednesday";"2015-12-09";"20:00:00"
"30149";"10801";"2";"HAZARD";"incidentsubtype";"null";"40.92138";"-73.776187";"Wednesday";"2015-12-09";"20:00:00"
"30150";"10577";"0";"HAZARD";"incidentsubtype";"null";"41.025381";"-73.722612";"Wednesday";"2015-12-09";"20:00:00"
"30151";"10543";"8";"HAZARD";"incidentsubtype";"null";"40.962187";"-73.736552";"Wednesday";"2015-12-09";"20:00:00"
"30152";"08824";"0";"JAM";"incidentsubtype";"Deans";"40.425559";"-74.532993";"Weekend";"2015-12-12";"15:00:00"
"30153";"10309";"0";"HAZARD";"incidentsubtype";"null";"40.538698";"-74.205275";"Weekend";"2015-12-12";"15:00:00"
"30154";"10312";"0";"HAZARD";"incidentsubtype";"null";"40.532356";"-74.191771";"Weekend";"2015-12-12";"15:00:00"
"30155";"08812";"36";"ROAD_CLOSED";"incidentsubtype";"null";"40.602228000000025";"-74.46591900000001";"Weekend";"2015-12-12";"15:00:00"
"30156";"08812";"43";"ROAD_CLOSED";"incidentsubtype";"null";"40.59924499999998";"-74.463351";"Weekend";"2015-12-12";"15:00:00"
"30157";"08830";"0";"JAM";"incidentsubtype";"null";"40.561245";"-74.299794";"Weekend";"2015-12-12";"15:00:00"
"30158";"08830";"0";"JAM";"incidentsubtype";"null";"40.561563";"-74.299311";"Weekend";"2015-12-12";"15:00:00"
"30159";"08861";"0";"POLICE";"incidentsubtype";"null";"40.51494";"-74.268661";"Weekend";"2015-12-12";"15:00:00"
"30160";"08816";"5";"HAZARD";"incidentsubtype";"null";"40.47835";"-74.4078";"Weekend";"2015-12-12";"15:00:00"
"30161";"08861";"0";"POLICE";"incidentsubtype";"null";"40.51495";"-74.268657";"Weekend";"2015-12-12";"15:00:00"
"30162";"08863";"2";"HAZARD";"incidentsubtype";"null";"40.541679";"-74.309338";"Weekend";"2015-12-12";"15:00:00"
"30163";"07077";"0";"HAZARD";"incidentsubtype";"null";"40.558435";"-74.266074";"Weekend";"2015-12-12";"15:00:00"
"30164";"08837";"0";"CHIT_CHAT";"incidentsubtype";"null";"40.527391";"-74.356042";"Weekend";"2015-12-12";"15:00:00"
"30165";"07076";"3";"ROAD_CLOSED";"incidentsubtype";"null";"40.617335573049";"-74.365759730338";"Weekend";"2015-12-12";"15:00:00"
"30166";"07076";"4";"ROAD_CLOSED";"incidentsubtype";"null";"40.6168153714299";"-74.36623450112748";"Weekend";"2015-12-12";"15:00:00"
"30167";"07980";"0";"HAZARD";"incidentsubtype";"null";"40.667656";"-74.486088";"Weekend";"2015-12-12";"15:00:00"
"30168";"07980";"0";"HAZARD";"incidentsubtype";"null";"40.667613";"-74.486587";"Weekend";"2015-12-12";"15:00:00"
"30169";"07901";"25";"ROAD_CLOSED";"incidentsubtype";"null";"40.718864615271";"-74.365682780743";"Weekend";"2015-12-12";"15:00:00"
"30170";"07901";"33";"ROAD_CLOSED";"incidentsubtype";"null";"40.717854256918";"-74.364725232125";"Weekend";"2015-12-12";"15:00:00"
"30171";"07901";"1";"ROAD_CLOSED";"incidentsubtype";"null";"40.717854256918";"-74.364725232125";"Weekend";"2015-12-12";"15:00:00"
"30172";"07901";"1";"ROAD_CLOSED";"incidentsubtype";"null";"40.71871214768899";"-74.365559399128";"Weekend";"2015-12-12";"15:00:00"
"30173";"07901";"19";"ROAD_CLOSED";"incidentsubtype";"null";"40.71871214768899";"-74.365559399128";"Weekend";"2015-12-12";"15:00:00"
"30174";"07901";"49";"ROAD_CLOSED";"incidentsubtype";"null";"40.716823045384";"-74.363981589676";"Weekend";"2015-12-12";"15:00:00"
"30175";"07066";"48";"HAZARD";"incidentsubtype";"null";"40.62061129250234";"-74.2979725192274";"Weekend";"2015-12-12";"15:00:00"
"30176";"07202";"27";"ROAD_CLOSED";"incidentsubtype";"null";"40.644052876863995";"-74.209611315136";"Weekend";"2015-12-12";"15:00:00"
"30177";"07202";"38";"ROAD_CLOSED";"incidentsubtype";"null";"40.64420500652098";"-74.209101695423";"Weekend";"2015-12-12";"15:00:00"
"30178";"07216";"0";"JAM";"incidentsubtype";"null";"40.662837";"-74.208239";"Weekend";"2015-12-12";"15:00:00"
"30179";"07202";"0";"HAZARD";"incidentsubtype";"null";"40.643254";"-74.209158";"Weekend";"2015-12-12";"15:00:00"
"30180";"07081";"0";"POLICE";"incidentsubtype";"null";"40.687452";"-74.322733";"Weekend";"2015-12-12";"15:00:00"
"30181";"07114";"0";"HAZARD";"incidentsubtype";"null";"40.719808";"-74.18141";"Weekend";"2015-12-12";"15:00:00"
"30182";"07111";"0";"JAM";"incidentsubtype";"null";"40.726712";"-74.226143";"Weekend";"2015-12-12";"15:00:00"
"30183";"07114";"0";"HAZARD";"incidentsubtype";"null";"40.70919";"-74.183623";"Weekend";"2015-12-12";"15:00:00"
"30184";"07114";"0";"HAZARD";"incidentsubtype";"null";"40.703645";"-74.183465";"Weekend";"2015-12-12";"15:00:00"
"30185";"07112";"0";"HAZARD";"incidentsubtype";"null";"40.719084";"-74.218654";"Weekend";"2015-12-12";"15:00:00"
"30186";"07112";"0";"HAZARD";"incidentsubtype";"null";"40.720726";"-74.217265";"Weekend";"2015-12-12";"15:00:00"
"30187";"07018";"0";"JAM";"incidentsubtype";"null";"40.758675";"-74.207796";"Weekend";"2015-12-12";"15:00:00"
"30188";"07018";"0";"POLICE";"incidentsubtype";"East Orange";"40.756879";"-74.202552";"Weekend";"2015-12-12";"15:00:00"
"30189";"07018";"0";"JAM";"incidentsubtype";"null";"40.756139";"-74.208269";"Weekend";"2015-12-12";"15:00:00"
"30190";"07018";"0";"JAM";"incidentsubtype";"null";"40.759069";"-74.208575";"Weekend";"2015-12-12";"15:00:00"
"30191";"07018";"0";"JAM";"incidentsubtype";"null";"40.757104";"-74.205611";"Weekend";"2015-12-12";"15:00:00"
"30192";"07114";"0";"JAM";"incidentsubtype";"null";"40.71831";"-74.181981";"Weekend";"2015-12-12";"15:00:00"
"30193";"07077";"0";"POLICE";"incidentsubtype";"null";"40.562494";"-74.253819";"Weekend";"2015-12-12";"15:00:00"
"30194";"08873";"0";"POLICE";"incidentsubtype";"null";"40.476665";"-74.49477";"Weekend";"2015-12-12";"15:00:00"
"30195";"08820";"0";"JAM";"incidentsubtype";"null";"40.555627";"-74.344011";"Weekend";"2015-12-12";"15:00:00"
"30196";"08837";"0";"JAM";"incidentsubtype";"null";"40.547169";"-74.328186";"Weekend";"2015-12-12";"15:00:00"
"30197";"07201";"0";"HAZARD";"incidentsubtype";"null";"40.671391";"-74.182823";"Weekend";"2015-12-12";"15:00:00"
"30198";"07901";"0";"POLICE";"incidentsubtype";"null";"40.712272";"-74.344204";"Weekend";"2015-12-12";"15:00:00"
"30199";"07083";"0";"POLICE";"incidentsubtype";"null";"40.697881";"-74.256154";"Weekend";"2015-12-12";"15:00:00"
"30200";"07088";"0";"JAM";"incidentsubtype";"null";"40.718352";"-74.284136";"Weekend";"2015-12-12";"15:00:00"
"30201";"07195";"1";"HAZARD";"incidentsubtype";"null";"40.796043";"-74.237365";"Weekend";"2015-12-12";"15:00:00"
"30202";"08901";"0";"JAM";"incidentsubtype";"null";"40.482158";"-74.413494";"Weekend";"2015-12-12";"15:00:00"
"30203";"08840";"0";"JAM";"incidentsubtype";"null";"40.541705";"-74.365381";"Weekend";"2015-12-12";"15:00:00"
"30204";"07095";"0";"HAZARD";"incidentsubtype";"null";"40.547631";"-74.291171";"Weekend";"2015-12-12";"15:00:00"
"30205";"07080";"0";"JAM";"incidentsubtype";"null";"40.552726";"-74.432899";"Weekend";"2015-12-12";"15:00:00"
"30206";"07080";"0";"JAM";"incidentsubtype";"null";"40.551484";"-74.432302";"Weekend";"2015-12-12";"15:00:00"
"30207";"07721";"0";"HAZARD";"incidentsubtype";"null";"40.435674";"-74.220922";"Weekend";"2015-12-12";"15:00:00"
"30208";"07735";"0";"POLICE";"incidentsubtype";"null";"40.443921";"-74.23078";"Weekend";"2015-12-12";"15:00:00"
"30209";"07083";"0";"JAM";"incidentsubtype";"null";"40.691837";"-74.283019";"Weekend";"2015-12-12";"15:00:00"
"30210";"07083";"0";"JAM";"incidentsubtype";"null";"40.691828";"-74.283646";"Weekend";"2015-12-12";"15:00:00"
"30211";"07083";"0";"JAM";"incidentsubtype";"null";"40.691801";"-74.284322";"Weekend";"2015-12-12";"15:00:00"
"30212";"07083";"0";"POLICE";"incidentsubtype";"null";"40.691789";"-74.284799";"Weekend";"2015-12-12";"15:00:00"
"30213";"07083";"0";"JAM";"incidentsubtype";"null";"40.69176";"-74.285817";"Weekend";"2015-12-12";"15:00:00"
"30214";"07083";"0";"JAM";"incidentsubtype";"null";"40.691734";"-74.286677";"Weekend";"2015-12-12";"15:00:00"
"30215";"07036";"0";"JAM";"incidentsubtype";"null";"40.622585";"-74.246973";"Weekend";"2015-12-12";"15:00:00"
"30216";"07081";"0";"POLICE";"incidentsubtype";"null";"40.711286";"-74.306437";"Weekend";"2015-12-12";"15:00:00"
"30217";"07081";"1";"POLICE";"incidentsubtype";"null";"40.710732";"-74.307659";"Weekend";"2015-12-12";"15:00:00"
"30218";"07083";"0";"JAM";"incidentsubtype";"null";"40.69031";"-74.297576";"Weekend";"2015-12-12";"15:00:00"
"30219";"07083";"0";"JAM";"incidentsubtype";"null";"40.692186";"-74.276152";"Weekend";"2015-12-12";"15:00:00"
"30220";"07083";"0";"JAM";"incidentsubtype";"null";"40.692018";"-74.280118";"Weekend";"2015-12-12";"15:00:00"
"30221";"07960";"35";"HAZARD";"incidentsubtype";"null";"40.79321789219809";"-74.48514973363676";"Weekend";"2015-12-12";"15:00:00"
"30222";"07932";"0";"POLICE";"incidentsubtype";"null";"40.78907";"-74.397894";"Weekend";"2015-12-12";"15:00:00"
"30223";"07039";"0";"JAM";"incidentsubtype";"null";"40.796503";"-74.345495";"Weekend";"2015-12-12";"15:00:00"
"30224";"07039";"0";"POLICE";"incidentsubtype";"null";"40.795689";"-74.340791";"Weekend";"2015-12-12";"15:00:00"
"30225";"07028";"0";"POLICE";"incidentsubtype";"null";"40.800634";"-74.20378";"Weekend";"2015-12-12";"15:00:00"
"30226";"07960";"0";"ACCIDENT";"incidentsubtype";"null";"40.742131";"-74.534089";"Weekend";"2015-12-12";"15:00:00"
"30227";"07960";"0";"POLICE";"incidentsubtype";"null";"40.738668";"-74.535842";"Weekend";"2015-12-12";"15:00:00"
"30228";"07733";"25";"POLICE";"incidentsubtype";"null";"40.397706";"-74.184488";"Weekend";"2015-12-12";"15:00:00"
"30229";"07733";"22";"POLICE";"incidentsubtype";"null";"40.400212";"-74.187979";"Weekend";"2015-12-12";"15:00:00"
"30230";"08816";"2";"HAZARD";"incidentsubtype";"null";"40.406935";"-74.450657";"Weekend";"2015-12-12";"15:00:00"
"30231";"08831";"1";"HAZARD";"incidentsubtype";"Helmetta";"40.403263";"-74.452021";"Weekend";"2015-12-12";"15:00:00"
"30232";"07733";"0";"POLICE";"incidentsubtype";"null";"40.400416";"-74.187825";"Weekend";"2015-12-12";"15:00:00"
"30233";"07730";"2";"POLICE";"incidentsubtype";"null";"40.409273";"-74.198833";"Weekend";"2015-12-12";"15:00:00"
"30234";"08816";"35";"HAZARD";"incidentsubtype";"null";"40.470323";"-74.410551";"Weekend";"2015-12-12";"15:00:00"
"30235";"08816";"5";"HAZARD";"incidentsubtype";"null";"40.47329";"-74.409226";"Weekend";"2015-12-12";"15:00:00"
"30236";"07064";"2";"HAZARD";"incidentsubtype";"null";"40.578322";"-74.245254";"Weekend";"2015-12-12";"15:00:00"
"30237";"08901";"9";"HAZARD";"incidentsubtype";"null";"40.486244";"-74.398682";"Weekend";"2015-12-12";"15:00:00"
"30238";"08879";"5";"POLICE";"incidentsubtype";"null";"40.488376";"-74.302023";"Weekend";"2015-12-12";"15:00:00"
"30239";"08872";"39";"POLICE";"incidentsubtype";"null";"40.484354";"-74.303103";"Weekend";"2015-12-12";"15:00:00"
"30240";"10312";"3";"HAZARD";"incidentsubtype";"null";"40.556916";"-74.206643";"Weekend";"2015-12-12";"15:00:00"
"30241";"07008";"1";"HAZARD";"incidentsubtype";"null";"40.594693";"-74.234344";"Weekend";"2015-12-12";"15:00:00"
"30242";"10314";"2";"CHIT_CHAT";"incidentsubtype";"null";"40.565428";"-74.194488";"Weekend";"2015-12-12";"15:00:00"
"30243";"07008";"0";"HAZARD";"incidentsubtype";"null";"40.592105";"-74.235996";"Weekend";"2015-12-12";"15:00:00"
"30244";"07036";"0";"HAZARD";"incidentsubtype";"null";"40.602262";"-74.229604";"Weekend";"2015-12-12";"15:00:00"
"30245";"08817";"0";"HAZARD";"incidentsubtype";"null";"40.545629";"-74.397397";"Weekend";"2015-12-12";"15:00:00"
"30246";"10314";"0";"CHIT_CHAT";"incidentsubtype";"null";"40.583432";"-74.192128";"Weekend";"2015-12-12";"15:00:00"
"30247";"07008";"5";"HAZARD";"incidentsubtype";"null";"40.581416";"-74.242884";"Weekend";"2015-12-12";"15:00:00"
"30248";"07080";"17";"HAZARD";"incidentsubtype";"null";"40.54909";"-74.405301";"Weekend";"2015-12-12";"15:00:00"
"30249";"10314";"3";"HAZARD";"incidentsubtype";"null";"40.593045";"-74.193046";"Weekend";"2015-12-12";"15:00:00"
"30250";"08854";"0";"HAZARD";"incidentsubtype";"null";"40.555987";"-74.438494";"Weekend";"2015-12-12";"15:00:00"
"30251";"10309";"1";"HAZARD";"incidentsubtype";"null";"40.525985";"-74.225733";"Weekend";"2015-12-12";"15:00:00"
"30252";"08854";"0";"HAZARD";"incidentsubtype";"null";"40.55589";"-74.438966";"Weekend";"2015-12-12";"15:00:00"
"30253";"07064";"6";"HAZARD";"incidentsubtype";"null";"40.579321";"-74.244132";"Weekend";"2015-12-12";"15:00:00"
"30254";"07008";"0";"HAZARD";"incidentsubtype";"null";"40.594518";"-74.233989";"Weekend";"2015-12-12";"15:00:00"
"30255";"07059";"1";"HAZARD";"incidentsubtype";"null";"40.649182";"-74.478121";"Weekend";"2015-12-12";"15:00:00"
"30256";"07960";"7";"HAZARD";"incidentsubtype";"null";"40.771393";"-74.482594";"Weekend";"2015-12-12";"15:00:00"
"30257";"07960";"12";"HAZARD";"incidentsubtype";"null";"40.751497";"-74.526647";"Weekend";"2015-12-12";"15:00:00"
"30258";"07960";"0";"POLICE";"incidentsubtype";"null";"40.765145";"-74.496824";"Weekend";"2015-12-12";"15:00:00"
"30259";"07202";"138";"HAZARD";"incidentsubtype";"null";"40.639758336712426";"-74.2035240000564";"Weekend";"2015-12-12";"15:00:00"
"30260";"07016";"1";"POLICE";"incidentsubtype";"null";"40.664881";"-74.286119";"Weekend";"2015-12-12";"15:00:00"
"30261";"07033";"5";"HAZARD";"incidentsubtype";"null";"40.672516";"-74.281331";"Weekend";"2015-12-12";"15:00:00"
"30262";"07206";"10";"POLICE";"incidentsubtype";"null";"40.654826";"-74.191166";"Weekend";"2015-12-12";"15:00:00"
"30263";"07206";"1";"POLICE";"incidentsubtype";"Elizabethport";"40.654121";"-74.191793";"Weekend";"2015-12-12";"15:00:00"
"30264";"07206";"1";"POLICE";"incidentsubtype";"null";"40.6539";"-74.191726";"Weekend";"2015-12-12";"15:00:00"
"30265";"07206";"13";"HAZARD";"incidentsubtype";"null";"40.651106";"-74.197879";"Weekend";"2015-12-12";"15:00:00"
"30266";"10303";"2";"POLICE";"incidentsubtype";"null";"40.628366";"-74.182765";"Weekend";"2015-12-12";"15:00:00"
"30267";"07202";"1";"JAM";"incidentsubtype";"null";"40.641938";"-74.206801";"Weekend";"2015-12-12";"15:00:00"
"30268";"07016";"3";"HAZARD";"incidentsubtype";"null";"40.659532";"-74.287094";"Weekend";"2015-12-12";"15:00:00"
"30269";"07066";"9";"HAZARD";"incidentsubtype";"null";"40.614433";"-74.311755";"Weekend";"2015-12-12";"15:00:00"
"30270";"07036";"2";"HAZARD";"incidentsubtype";"null";"40.609521";"-74.225593";"Weekend";"2015-12-12";"15:00:00"
"30271";"07106";"0";"POLICE";"incidentsubtype";"null";"40.744046";"-74.214023";"Weekend";"2015-12-12";"15:00:00"
"30272";"07101";"173";"HAZARD";"incidentsubtype";"null";"40.729736";"-74.223214";"Weekend";"2015-12-12";"15:00:00"
"30273";"07205";"0";"HAZARD";"incidentsubtype";"null";"40.704888";"-74.241378";"Weekend";"2015-12-12";"15:00:00"
"30274";"07114";"7";"HAZARD";"incidentsubtype";"null";"40.709134";"-74.192039";"Weekend";"2015-12-12";"15:00:00"
"30275";"07111";"1";"JAM";"incidentsubtype";"null";"40.718191";"-74.237271";"Weekend";"2015-12-12";"15:00:00"
"30276";"07111";"1";"JAM";"incidentsubtype";"null";"40.724254";"-74.229043";"Weekend";"2015-12-12";"15:00:00"
"30277";"07106";"91";"HAZARD";"incidentsubtype";"null";"40.74647";"-74.213292";"Weekend";"2015-12-12";"15:00:00"
"30278";"07106";"19";"HAZARD";"incidentsubtype";"null";"40.748213";"-74.212838";"Weekend";"2015-12-12";"15:00:00"
"30279";"07111";"1";"HAZARD";"incidentsubtype";"null";"40.724511";"-74.228733";"Weekend";"2015-12-12";"15:00:00"
"30280";"07018";"0";"JAM";"incidentsubtype";"null";"40.758661";"-74.209209";"Weekend";"2015-12-12";"15:00:00"
"30281";"07205";"0";"JAM";"incidentsubtype";"null";"40.710685";"-74.244362";"Weekend";"2015-12-12";"15:00:00"
"30282";"07018";"1";"HAZARD";"incidentsubtype";"null";"40.756534";"-74.201312";"Weekend";"2015-12-12";"15:00:00"
"30283";"07111";"1";"POLICE";"incidentsubtype";"null";"40.724134";"-74.229188";"Weekend";"2015-12-12";"15:00:00"
"30284";"07083";"0";"HAZARD";"incidentsubtype";"null";"40.706015";"-74.250964";"Weekend";"2015-12-12";"15:00:00"
"30285";"07017";"0";"JAM";"incidentsubtype";"null";"40.772872";"-74.204705";"Weekend";"2015-12-12";"15:00:00"
"30286";"07017";"0";"JAM";"incidentsubtype";"null";"40.778385";"-74.201074";"Weekend";"2015-12-12";"15:00:00"
"30287";"07205";"0";"JAM";"incidentsubtype";"null";"40.710209";"-74.244526";"Weekend";"2015-12-12";"15:00:00"
"30288";"07018";"0";"JAM";"incidentsubtype";"null";"40.759096";"-74.208219";"Weekend";"2015-12-12";"15:00:00"
"30289";"07003";"0";"POLICE";"incidentsubtype";"Bloomfield";"40.804288";"-74.184828";"Weekend";"2015-12-12";"15:00:00"
"30290";"07003";"0";"JAM";"incidentsubtype";"null";"40.785877";"-74.200093";"Weekend";"2015-12-12";"15:00:00"
"30291";"07003";"12";"POLICE";"incidentsubtype";"null";"40.803261";"-74.185117";"Weekend";"2015-12-12";"15:00:00"
"30292";"07003";"1";"JAM";"incidentsubtype";"null";"40.786742";"-74.19943";"Weekend";"2015-12-12";"15:00:00"
